start_ip,end_ip,country,country_name,continent,continent_name
2001:220::,2001:220:ffff:ffff:ffff:ffff:ffff:ffff,KR,South Korea,AS,Asia
2001:230::,2001:230:ffff:ffff:ffff:ffff:ffff:ffff,KR,South Korea,AS,Asia
2001:268:9a5b:8a00::,2001:268:9a5b:8aff:ffff:ffff:ffff:ffff,KR,South Korea,AS,Asia
2001:270::,2001:270:3fff:ffff:ffff:ffff:ffff:ffff,KR,South Korea,AS,Asia
2001:270:4000:100::,2001:270:edff:ffff:ffff:ffff:ffff:ffff,KR,South Korea,AS,Asia
2001:270:ee00:100::,2001:270:fa00:0:ffff:ffff:ffff:ffff,KR,South Korea,AS,Asia
2001:270:fa00:2::,2001:270:fa00:60:ffff:ffff:ffff:ffff,KR,South Korea,AS,Asia
2001:270:fa00:62::,2001:270:fa70:0:ffff:ffff:ffff:ffff,KR,South Korea,AS,Asia
2001:270:fa70:2::,2001:270:fa70:202:ffff:ffff:ffff:ffff,KR,South Korea,AS,Asia
2001:270:fa70:204::,2001:270:fb70:0:ffff:ffff:ffff:ffff,KR,South Korea,AS,Asia
2001:270:fb70:2::,2001:270:fb70:202:ffff:ffff:ffff:ffff,KR,South Korea,AS,Asia
2001:270:fb70:204::,2001:270:ff7f:ffff:ffff:ffff:ffff:ffff,KR,South Korea,AS,Asia
2001:270:ff80:100::,2001:270:ffff:ffff:ffff:ffff:ffff:ffff,KR,South Korea,AS,Asia
2001:280::,2001:280:ffff:ffff:ffff:ffff:ffff:ffff,KR,South Korea,AS,Asia
2001:290:0:1::,2001:290:ffff:ffff:ffff:ffff:ffff:ffff,KR,South Korea,AS,Asia
2001:2b0::,2001:2b0:ffff:ffff:ffff:ffff:ffff:ffff,KR,South Korea,AS,Asia
2001:2b8::,2001:2b9:ffff:ffff:ffff:ffff:ffff:ffff,KR,South Korea,AS,Asia
2001:2d8::,2001:2d8:212:ff:ffff:ffff:ffff:ffff,KR,South Korea,AS,Asia
2001:2d8:212:200::,2001:2d8:218:6dff:ffff:ffff:ffff:ffff,KR,South Korea,AS,Asia
2001:2d8:218:6f00::,2001:2d8:302:2fff:ffff:ffff:ffff:ffff,KR,South Korea,AS,Asia
2001:2d8:302:3100::,2001:2d8:1058:e8ff:ffff:ffff:ffff:ffff,KR,South Korea,AS,Asia
2001:2d8:1058:ea00::,2001:2d8:105d:f7ff:ffff:ffff:ffff:ffff,KR,South Korea,AS,Asia
2001:2d8:105d:f900::,2001:2d8:6219:2dff:ffff:ffff:ffff:ffff,KR,South Korea,AS,Asia
2001:2d8:6219:2f00::,2001:2d8:6244:f6ff:ffff:ffff:ffff:ffff,KR,South Korea,AS,Asia
2001:2d8:6244:f800::,2001:2d8:6257:8412:ffff:ffff:ffff:ffff,KR,South Korea,AS,Asia
2001:2d8:6257:8414::,2001:2d8:626a:afff:ffff:ffff:ffff:ffff,KR,South Korea,AS,Asia
2001:2d8:626a:b100::,2001:2d8:627a:79ff:ffff:ffff:ffff:ffff,KR,South Korea,AS,Asia
2001:2d8:627a:7b00::,2001:2d8:6375:fdff:ffff:ffff:ffff:ffff,KR,South Korea,AS,Asia
2001:2d8:6375:ff00::,2001:2d8:643a:daff:ffff:ffff:ffff:ffff,KR,South Korea,AS,Asia
2001:2d8:643a:dc00::,2001:2d8:6896:59ff:ffff:ffff:ffff:ffff,KR,South Korea,AS,Asia
2001:2d8:6896:5b00::,2001:2d8:695c:fdff:ffff:ffff:ffff:ffff,KR,South Korea,AS,Asia
2001:2d8:695c:ff00::,2001:2d8:6976:2aff:ffff:ffff:ffff:ffff,KR,South Korea,AS,Asia
2001:2d8:6976:2c00::,2001:2d8:6985:f6ff:ffff:ffff:ffff:ffff,KR,South Korea,AS,Asia
2001:2d8:6985:f800::,2001:2d8:6a11:c0ff:ffff:ffff:ffff:ffff,KR,South Korea,AS,Asia
2001:2d8:6a11:c200::,2001:2d8:6a6e:8bff:ffff:ffff:ffff:ffff,KR,South Korea,AS,Asia
2001:2d8:6a6e:8d00::,2001:2d8:6a7d:a4ff:ffff:ffff:ffff:ffff,KR,South Korea,AS,Asia
2001:2d8:6a7d:a600::,2001:2d8:6c32:13ff:ffff:ffff:ffff:ffff,KR,South Korea,AS,Asia
2001:2d8:6c32:1500::,2001:2d8:6cc1:42ff:ffff:ffff:ffff:ffff,KR,South Korea,AS,Asia
2001:2d8:6cc1:4400::,2001:2d8:6f12:3ff:ffff:ffff:ffff:ffff,KR,South Korea,AS,Asia
2001:2d8:6f12:500::,2001:2d8:7005:3dff:ffff:ffff:ffff:ffff,KR,South Korea,AS,Asia
2001:2d8:7005:3f00::,2001:2d8:7095:7aff:ffff:ffff:ffff:ffff,KR,South Korea,AS,Asia
2001:2d8:7095:7c00::,2001:2d8:e087:cfff:ffff:ffff:ffff:ffff,KR,South Korea,AS,Asia
2001:2d8:e087:d100::,2001:2d8:e206:8dff:ffff:ffff:ffff:ffff,KR,South Korea,AS,Asia
2001:2d8:e206:8f00::,2001:2d8:e207:c0ff:ffff:ffff:ffff:ffff,KR,South Korea,AS,Asia
2001:2d8:e207:c200::,2001:2d8:e20f:42ff:ffff:ffff:ffff:ffff,KR,South Korea,AS,Asia
2001:2d8:e20f:4400::,2001:2d8:e24d:b2ff:ffff:ffff:ffff:ffff,KR,South Korea,AS,Asia
2001:2d8:e24d:b400::,2001:2d8:e254:9dff:ffff:ffff:ffff:ffff,KR,South Korea,AS,Asia
2001:2d8:e254:9f00::,2001:2d8:e270:eeff:ffff:ffff:ffff:ffff,KR,South Korea,AS,Asia
2001:2d8:e270:f000::,2001:2d8:e2b6:a4a0:ffff:ffff:ffff:ffff,KR,South Korea,AS,Asia
2001:2d8:e2b6:a4a2::,2001:2d8:e307:feff:ffff:ffff:ffff:ffff,KR,South Korea,AS,Asia
2001:2d8:e308::,2001:2d8:e30d:8eff:ffff:ffff:ffff:ffff,KR,South Korea,AS,Asia
2001:2d8:e30d:9000::,2001:2d8:e4a3:46ff:ffff:ffff:ffff:ffff,KR,South Korea,AS,Asia
2001:2d8:e4a3:4800::,2001:2d8:e4a5:80ff:ffff:ffff:ffff:ffff,KR,South Korea,AS,Asia
2001:2d8:e4a5:8200::,2001:2d8:e515:53ff:ffff:ffff:ffff:ffff,KR,South Korea,AS,Asia
2001:2d8:e515:5500::,2001:2d8:e525:7bff:ffff:ffff:ffff:ffff,KR,South Korea,AS,Asia
2001:2d8:e525:7d00::,2001:2d8:e62e:c986:ffff:ffff:ffff:ffff,KR,South Korea,AS,Asia
2001:2d8:e62e:c988::,2001:2d8:e68c:2dff:ffff:ffff:ffff:ffff,KR,South Korea,AS,Asia
2001:2d8:e68c:2f00::,2001:2d8:e716:5989:ffff:ffff:ffff:ffff,KR,South Korea,AS,Asia
2001:2d8:e716:598b::,2001:2d8:e717:8bff:ffff:ffff:ffff:ffff,KR,South Korea,AS,Asia
2001:2d8:e717:8d00::,2001:2d8:e734:3cff:ffff:ffff:ffff:ffff,KR,South Korea,AS,Asia
2001:2d8:e734:3e00::,2001:2d8:e75a:61ff:ffff:ffff:ffff:ffff,KR,South Korea,AS,Asia
2001:2d8:e75a:6300::,2001:2d8:e870:6aff:ffff:ffff:ffff:ffff,KR,South Korea,AS,Asia
2001:2d8:e870:6c00::,2001:2d8:e886:b3ff:ffff:ffff:ffff:ffff,KR,South Korea,AS,Asia
2001:2d8:e886:b500::,2001:2d8:e920:dbff:ffff:ffff:ffff:ffff,KR,South Korea,AS,Asia
2001:2d8:e920:dd00::,2001:2d8:e927:50ff:ffff:ffff:ffff:ffff,KR,South Korea,AS,Asia
2001:2d8:e927:5200::,2001:2d8:ea20:4eff:ffff:ffff:ffff:ffff,KR,South Korea,AS,Asia
2001:2d8:ea20:5000::,2001:2d8:ea2d:a1ff:ffff:ffff:ffff:ffff,KR,South Korea,AS,Asia
2001:2d8:ea2d:a300::,2001:2d8:ea4a:e8ff:ffff:ffff:ffff:ffff,KR,South Korea,AS,Asia
2001:2d8:ea4a:ea00::,2001:2d8:ea57:6aff:ffff:ffff:ffff:ffff,KR,South Korea,AS,Asia
2001:2d8:ea57:6c00::,2001:2d8:ea71:97ff:ffff:ffff:ffff:ffff,KR,South Korea,AS,Asia
2001:2d8:ea71:9900::,2001:2d8:ea78:d5ff:ffff:ffff:ffff:ffff,KR,South Korea,AS,Asia
2001:2d8:ea78:d700::,2001:2d8:ed33:c5ff:ffff:ffff:ffff:ffff,KR,South Korea,AS,Asia
2001:2d8:ed33:c700::,2001:2d8:ee6b:d5ff:ffff:ffff:ffff:ffff,KR,South Korea,AS,Asia
2001:2d8:ee6b:d700::,2001:2d8:ee6e:66ff:ffff:ffff:ffff:ffff,KR,South Korea,AS,Asia
2001:2d8:ee6e:6800::,2001:2d8:ee6e:d7ff:ffff:ffff:ffff:ffff,KR,South Korea,AS,Asia
2001:2d8:ee6e:d900::,2001:2d8:ee9b:57ff:ffff:ffff:ffff:ffff,KR,South Korea,AS,Asia
2001:2d8:ee9b:5900::,2001:2d8:ef25:2fff:ffff:ffff:ffff:ffff,KR,South Korea,AS,Asia
2001:2d8:ef25:3100::,2001:2d8:ef30:6ff:ffff:ffff:ffff:ffff,KR,South Korea,AS,Asia
2001:2d8:ef30:800::,2001:2d8:ef48:15ff:ffff:ffff:ffff:ffff,KR,South Korea,AS,Asia
2001:2d8:ef48:1700::,2001:2d8:f014:f5ff:ffff:ffff:ffff:ffff,KR,South Korea,AS,Asia
2001:2d8:f014:f700::,2001:2d8:f031:bdff:ffff:ffff:ffff:ffff,KR,South Korea,AS,Asia
2001:2d8:f031:bf00::,2001:2d8:f03d:3dff:ffff:ffff:ffff:ffff,KR,South Korea,AS,Asia
2001:2d8:f03d:3f00::,2001:2d8:f08c:afff:ffff:ffff:ffff:ffff,KR,South Korea,AS,Asia
2001:2d8:f08c:b100::,2001:2d8:f08d:73ff:ffff:ffff:ffff:ffff,KR,South Korea,AS,Asia
2001:2d8:f08d:7500::,2001:2d8:f13a:44ff:ffff:ffff:ffff:ffff,KR,South Korea,AS,Asia
2001:2d8:f13a:4600::,2001:2d8:f19d:ddff:ffff:ffff:ffff:ffff,KR,South Korea,AS,Asia
2001:2d8:f19d:df00::,2001:2d8:f217:13ff:ffff:ffff:ffff:ffff,KR,South Korea,AS,Asia
2001:2d8:f217:1500::,2001:2d8:f21d:4dff:ffff:ffff:ffff:ffff,KR,South Korea,AS,Asia
2001:2d8:f21d:4f00::,2001:2d8:f225:64ff:ffff:ffff:ffff:ffff,KR,South Korea,AS,Asia
2001:2d8:f225:6600::,2001:2d8:ffff:ffff:ffff:ffff:ffff:ffff,KR,South Korea,AS,Asia
2001:320::,2001:320:ffff:ffff:ffff:ffff:ffff:ffff,KR,South Korea,AS,Asia
2001:330::,2001:330:1:1fff:ffff:ffff:ffff:ffff,KR,South Korea,AS,Asia
2001:330:1:2100::,2001:330:ffff:ffff:ffff:ffff:ffff:ffff,KR,South Korea,AS,Asia
2001:378::,2001:378:ffff:ffff:ffff:ffff:ffff:ffff,KR,South Korea,AS,Asia
2001:390::,2001:390:ffff:ffff:ffff:ffff:ffff:ffff,KR,South Korea,AS,Asia
2001:3a8::,2001:3a8:ffff:ffff:ffff:ffff:ffff:ffff,KR,South Korea,AS,Asia
2001:470:ecce::,2001:470:ecce:ffff:ffff:ffff:ffff:ffff,KR,South Korea,AS,Asia
2001:470:ed58::,2001:470:ed58:ffff:ffff:ffff:ffff:ffff,KR,South Korea,AS,Asia
2001:470:edc7::,2001:470:edc7:ffff:ffff:ffff:ffff:ffff,KR,South Korea,AS,Asia
2001:470:edd2::,2001:470:edd2:ffff:ffff:ffff:ffff:ffff,KR,South Korea,AS,Asia
2001:470:edd6::,2001:470:edd6:ffff:ffff:ffff:ffff:ffff,KR,South Korea,AS,Asia
2001:470:edda::,2001:470:edda:ffff:ffff:ffff:ffff:ffff,KR,South Korea,AS,Asia
2001:470:edf6::,2001:470:edf6:ffff:ffff:ffff:ffff:ffff,KR,South Korea,AS,Asia
2001:470:edfb::,2001:470:edfb:ffff:ffff:ffff:ffff:ffff,KR,South Korea,AS,Asia
2001:470:ee09::,2001:470:ee09:ffff:ffff:ffff:ffff:ffff,KR,South Korea,AS,Asia
2001:470:ee13::,2001:470:ee13:ffff:ffff:ffff:ffff:ffff,KR,South Korea,AS,Asia
2001:470:ee16::,2001:470:ee16:ffff:ffff:ffff:ffff:ffff,KR,South Korea,AS,Asia
2001:470:ee18::,2001:470:ee18:ffff:ffff:ffff:ffff:ffff,KR,South Korea,AS,Asia
2001:470:ee28::,2001:470:ee28:ffff:ffff:ffff:ffff:ffff,KR,South Korea,AS,Asia
2001:470:ee2d::,2001:470:ee2d:ffff:ffff:ffff:ffff:ffff,KR,South Korea,AS,Asia
2001:470:ee30::,2001:470:ee30:ffff:ffff:ffff:ffff:ffff,KR,South Korea,AS,Asia
2001:470:ee35::,2001:470:ee37:ffff:ffff:ffff:ffff:ffff,KR,South Korea,AS,Asia
2001:470:ee3c::,2001:470:ee3c:ffff:ffff:ffff:ffff:ffff,KR,South Korea,AS,Asia
2001:470:ee40::,2001:470:ee40:ffff:ffff:ffff:ffff:ffff,KR,South Korea,AS,Asia
2001:470:ee46::,2001:470:ee46:ffff:ffff:ffff:ffff:ffff,KR,South Korea,AS,Asia
2001:470:ee4b::,2001:470:ee4b:ffff:ffff:ffff:ffff:ffff,KR,South Korea,AS,Asia
2001:470:eea5::,2001:470:eea5:ffff:ffff:ffff:ffff:ffff,KR,South Korea,AS,Asia
2001:470:eeb1::,2001:470:eeb1:ffff:ffff:ffff:ffff:ffff,KR,South Korea,AS,Asia
2001:470:eeb3::,2001:470:eeb3:ffff:ffff:ffff:ffff:ffff,KR,South Korea,AS,Asia
2001:470:eeb5::,2001:470:eeb5:ffff:ffff:ffff:ffff:ffff,KR,South Korea,AS,Asia
2001:470:eec8::,2001:470:eec8:ffff:ffff:ffff:ffff:ffff,KR,South Korea,AS,Asia
2001:470:eecd::,2001:470:eecd:ffff:ffff:ffff:ffff:ffff,KR,South Korea,AS,Asia
2001:470:eed3::,2001:470:eed3:ffff:ffff:ffff:ffff:ffff,KR,South Korea,AS,Asia
2001:470:eed5::,2001:470:eed7:ffff:ffff:ffff:ffff:ffff,KR,South Korea,AS,Asia
2001:470:ef05::,2001:470:ef05:ffff:ffff:ffff:ffff:ffff,KR,South Korea,AS,Asia
2001:470:ef33::,2001:470:ef33:ffff:ffff:ffff:ffff:ffff,KR,South Korea,AS,Asia
2001:470:ef3a::,2001:470:ef3a:ffff:ffff:ffff:ffff:ffff,KR,South Korea,AS,Asia
2001:470:ef44::,2001:470:ef44:ffff:ffff:ffff:ffff:ffff,KR,South Korea,AS,Asia
2001:470:ef58::,2001:470:ef58:ffff:ffff:ffff:ffff:ffff,KR,South Korea,AS,Asia
2001:470:ef65::,2001:470:ef65:ffff:ffff:ffff:ffff:ffff,KR,South Korea,AS,Asia
2001:470:ef68::,2001:470:ef68:ffff:ffff:ffff:ffff:ffff,KR,South Korea,AS,Asia
2001:470:ef89::,2001:470:ef89:ffff:ffff:ffff:ffff:ffff,KR,South Korea,AS,Asia
2001:470:ef93::,2001:470:ef93:ffff:ffff:ffff:ffff:ffff,KR,South Korea,AS,Asia
2001:470:ef97::,2001:470:ef97:ffff:ffff:ffff:ffff:ffff,KR,South Korea,AS,Asia
2001:470:ef9a::,2001:470:ef9a:ffff:ffff:ffff:ffff:ffff,KR,South Korea,AS,Asia
2001:470:ef9f::,2001:470:ef9f:ffff:ffff:ffff:ffff:ffff,KR,South Korea,AS,Asia
2001:470:efa3::,2001:470:efa3:ffff:ffff:ffff:ffff:ffff,KR,South Korea,AS,Asia
2001:470:efa7::,2001:470:efa7:ffff:ffff:ffff:ffff:ffff,KR,South Korea,AS,Asia
2001:470:efcb::,2001:470:efcb:ffff:ffff:ffff:ffff:ffff,KR,South Korea,AS,Asia
2001:470:efcf::,2001:470:efcf:ffff:ffff:ffff:ffff:ffff,KR,South Korea,AS,Asia
2001:470:efd2::,2001:470:efd2:ffff:ffff:ffff:ffff:ffff,KR,South Korea,AS,Asia
2001:470:efe9::,2001:470:efe9:ffff:ffff:ffff:ffff:ffff,KR,South Korea,AS,Asia
2001:470:efec::,2001:470:efed:ffff:ffff:ffff:ffff:ffff,KR,South Korea,AS,Asia
2001:470:eff0::,2001:470:eff0:ffff:ffff:ffff:ffff:ffff,KR,South Korea,AS,Asia
2001:470:eff4::,2001:470:eff4:ffff:ffff:ffff:ffff:ffff,KR,South Korea,AS,Asia
2001:470:eff7::,2001:470:eff7:ffff:ffff:ffff:ffff:ffff,KR,South Korea,AS,Asia
2001:470:effe::,2001:470:effe:ffff:ffff:ffff:ffff:ffff,KR,South Korea,AS,Asia
2001:470:f939:d45d::,2001:470:f939:d45d:ffff:ffff:ffff:ffff,KR,South Korea,AS,Asia
2001:500:15:6700::,2001:500:15:67ff:ffff:ffff:ffff:ffff,KR,South Korea,AS,Asia
2001:67c:1800::,2001:67c:1800:ffff:ffff:ffff:ffff:ffff,KR,South Korea,AS,Asia
2001:7fa:0:2::,2001:7fa:0:2:ffff:ffff:ffff:ffff,KR,South Korea,AS,Asia
2001:7fa:8::,2001:7fa:8:ffff:ffff:ffff:ffff:ffff,KR,South Korea,AS,Asia
2001:8f8:3031:e700::,2001:8f8:3031:e7ff:ffff:ffff:ffff:ffff,KR,South Korea,AS,Asia
2001:8f8:309a:7d00::,2001:8f8:309a:7dff:ffff:ffff:ffff:ffff,KR,South Korea,AS,Asia
2001:c48::,2001:c48:ffff:ffff:ffff:ffff:ffff:ffff,KR,South Korea,AS,Asia
2001:c98::,2001:c98:ffff:ffff:ffff:ffff:ffff:ffff,KR,South Korea,AS,Asia
2001:cf0::,2001:cf0:ffff:ffff:ffff:ffff:ffff:ffff,KR,South Korea,AS,Asia
2001:d38:0:100::,2001:d38:ffff:ffff:ffff:ffff:ffff:ffff,KR,South Korea,AS,Asia
2001:dc5::,2001:dc5:ffff:ffff:ffff:ffff:ffff:ffff,KR,South Korea,AS,Asia
2001:dcc::,2001:dcc:4:ffff:ffff:ffff:ffff:ffff,KR,South Korea,AS,Asia
2001:dcc:5:100::,2001:dcc:5:ffff:ffff:ffff:ffff:ffff,KR,South Korea,AS,Asia
2001:dcc:6:100::,2001:dcc:501:ffff:ffff:ffff:ffff:ffff,KR,South Korea,AS,Asia
2001:dcc:502:100::,2001:dcc:ffff:ffff:ffff:ffff:ffff:ffff,KR,South Korea,AS,Asia
2001:dd8:17::,2001:dd8:17:ffff:ffff:ffff:ffff:ffff,KR,South Korea,AS,Asia
2001:de8:7:1::,2001:de8:7:1:ffff:ffff:ffff:ffff,KR,South Korea,AS,Asia
2001:df0:290::,2001:df0:290:ffff:ffff:ffff:ffff:ffff,KR,South Korea,AS,Asia
2001:df0:32c0::,2001:df0:32c0:ffff:ffff:ffff:ffff:ffff,KR,South Korea,AS,Asia
2001:df0:d580::,2001:df0:d580:ffff:ffff:ffff:ffff:ffff,KR,South Korea,AS,Asia
2001:df0:e540::,2001:df0:e540:ffff:ffff:ffff:ffff:ffff,KR,South Korea,AS,Asia
2001:df1:6c80::,2001:df1:6c80:ffff:ffff:ffff:ffff:ffff,KR,South Korea,AS,Asia
2001:df3:3880::,2001:df3:3880:ffff:ffff:ffff:ffff:ffff,KR,South Korea,AS,Asia
2001:df4:f780::,2001:df4:f780:ffff:ffff:ffff:ffff:ffff,KR,South Korea,AS,Asia
2001:df5:6800::,2001:df5:6800:ffff:ffff:ffff:ffff:ffff,KR,South Korea,AS,Asia
2001:e60::,2001:e60:109c:dcff:ffff:ffff:ffff:ffff,KR,South Korea,AS,Asia
2001:e60:109c:de00::,2001:e60:3033:1ff:ffff:ffff:ffff:ffff,KR,South Korea,AS,Asia
2001:e60:3033:300::,2001:e60:3172:bcff:ffff:ffff:ffff:ffff,KR,South Korea,AS,Asia
2001:e60:3172:be00::,2001:e60:8035:d0ff:ffff:ffff:ffff:ffff,KR,South Korea,AS,Asia
2001:e60:8035:d200::,2001:e60:8346:50ff:ffff:ffff:ffff:ffff,KR,South Korea,AS,Asia
2001:e60:8346:5200::,2001:e60:8766:2bff:ffff:ffff:ffff:ffff,KR,South Korea,AS,Asia
2001:e60:8766:2d00::,2001:e60:87d0:b6ff:ffff:ffff:ffff:ffff,KR,South Korea,AS,Asia
2001:e60:87d0:b800::,2001:e60:87d6:33ff:ffff:ffff:ffff:ffff,KR,South Korea,AS,Asia
2001:e60:87d6:3500::,2001:e60:880a:8dff:ffff:ffff:ffff:ffff,KR,South Korea,AS,Asia
2001:e60:880a:8f00::,2001:e60:880b:32ff:ffff:ffff:ffff:ffff,KR,South Korea,AS,Asia
2001:e60:880b:3400::,2001:e60:8831:aeff:ffff:ffff:ffff:ffff,KR,South Korea,AS,Asia
2001:e60:8831:b000::,2001:e60:8851:f5ff:ffff:ffff:ffff:ffff,KR,South Korea,AS,Asia
2001:e60:8851:f700::,2001:e60:9058:4aff:ffff:ffff:ffff:ffff,KR,South Korea,AS,Asia
2001:e60:9058:4c00::,2001:e60:9064:bcff:ffff:ffff:ffff:ffff,KR,South Korea,AS,Asia
2001:e60:9064:be00::,2001:e60:914b:98b6:ffff:ffff:ffff:ffff,KR,South Korea,AS,Asia
2001:e60:914b:98b8::,2001:e60:9168:ae0:ffff:ffff:ffff:ffff,KR,South Korea,AS,Asia
2001:e60:9168:ae2::,2001:e60:9259:b6ff:ffff:ffff:ffff:ffff,KR,South Korea,AS,Asia
2001:e60:9259:b800::,2001:e60:9267:8ff1:ffff:ffff:ffff:ffff,KR,South Korea,AS,Asia
2001:e60:9267:8ff3::,2001:e60:926b:a6ff:ffff:ffff:ffff:ffff,KR,South Korea,AS,Asia
2001:e60:926b:a800::,2001:e60:b210:a6ff:ffff:ffff:ffff:ffff,KR,South Korea,AS,Asia
2001:e60:b210:a800::,2001:e60:c316:44ff:ffff:ffff:ffff:ffff,KR,South Korea,AS,Asia
2001:e60:c316:4600::,2001:e60:ca16:64ff:ffff:ffff:ffff:ffff,KR,South Korea,AS,Asia
2001:e60:ca16:6600::,2001:e60:cb31:4aff:ffff:ffff:ffff:ffff,KR,South Korea,AS,Asia
2001:e60:cb31:4c00::,2001:e60:ffff:ffff:ffff:ffff:ffff:ffff,KR,South Korea,AS,Asia
2001:e70::,2001:e70:ffff:ffff:ffff:ffff:ffff:ffff,KR,South Korea,AS,Asia
2001:e78::,2001:e78:ffff:ffff:ffff:ffff:ffff:ffff,KR,South Korea,AS,Asia
2001:e98::,2001:e98:ffff:ffff:ffff:ffff:ffff:ffff,KR,South Korea,AS,Asia
2001:ea0::,2001:ea0:ffff:ffff:ffff:ffff:ffff:ffff,KR,South Korea,AS,Asia
2001:ea8::,2001:ea8:ffff:ffff:ffff:ffff:ffff:ffff,KR,South Korea,AS,Asia
2001:eb8::,2001:eb8:ffff:ffff:ffff:ffff:ffff:ffff,KR,South Korea,AS,Asia
2001:ed0::,2001:ed0:ffff:ffff:ffff:ffff:ffff:ffff,KR,South Korea,AS,Asia
2001:ee0:1a66:4700::,2001:ee0:1a66:47ff:ffff:ffff:ffff:ffff,KR,South Korea,AS,Asia
2001:ee0:1b13:4f00::,2001:ee0:1b13:4fff:ffff:ffff:ffff:ffff,KR,South Korea,AS,Asia
2001:ee0:1b29:8a00::,2001:ee0:1b29:8aff:ffff:ffff:ffff:ffff,KR,South Korea,AS,Asia
2001:ee8::,2001:ee8:ffff:ffff:ffff:ffff:ffff:ffff,KR,South Korea,AS,Asia
2001:ef0::,2001:ef0:ffff:ffff:ffff:ffff:ffff:ffff,KR,South Korea,AS,Asia
2001:ef8::,2001:ef8:ffff:ffff:ffff:ffff:ffff:ffff,KR,South Korea,AS,Asia
2001:f28::,2001:f28:ffff:ffff:ffff:ffff:ffff:ffff,KR,South Korea,AS,Asia
2001:f48::,2001:f48:ffff:ffff:ffff:ffff:ffff:ffff,KR,South Korea,AS,Asia
2001:19f0:ffff::,2001:19f0:ffff:ffff:ffff:ffff:ffff:ffff,KR,South Korea,AS,Asia
2001:4430::,2001:4430:40e2:7eff:ffff:ffff:ffff:ffff,KR,South Korea,AS,Asia
2001:4430:40e2:8000::,2001:4430:4135:82c5:ffff:ffff:ffff:ffff,KR,South Korea,AS,Asia
2001:4430:4135:82c7::,2001:4430:4164:25ff:ffff:ffff:ffff:ffff,KR,South Korea,AS,Asia
2001:4430:4164:2700::,2001:4430:416d:b1ff:ffff:ffff:ffff:ffff,KR,South Korea,AS,Asia
2001:4430:416d:b300::,2001:4430:41a9:1cff:ffff:ffff:ffff:ffff,KR,South Korea,AS,Asia
2001:4430:41a9:1e00::,2001:4430:530e:ccff:ffff:ffff:ffff:ffff,KR,South Korea,AS,Asia
2001:4430:530e:ce00::,2001:4430:6045:30ff:ffff:ffff:ffff:ffff,KR,South Korea,AS,Asia
2001:4430:6045:3200::,2001:4430:607f:2aff:ffff:ffff:ffff:ffff,KR,South Korea,AS,Asia
2001:4430:607f:2c00::,2001:4430:6080:4aff:ffff:ffff:ffff:ffff,KR,South Korea,AS,Asia
2001:4430:6080:4c00::,2001:4430:6816:8adb:ffff:ffff:ffff:ffff,KR,South Korea,AS,Asia
2001:4430:6816:8add::,2001:4430:6825:62ff:ffff:ffff:ffff:ffff,KR,South Korea,AS,Asia
2001:4430:6825:6400::,2001:4430:c004:9bff:ffff:ffff:ffff:ffff,KR,South Korea,AS,Asia
2001:4430:c004:9d00::,2001:4430:c012:f8ff:ffff:ffff:ffff:ffff,KR,South Korea,AS,Asia
2001:4430:c012:fa00::,2001:4430:c04c:41ff:ffff:ffff:ffff:ffff,KR,South Korea,AS,Asia
2001:4430:c04c:4300::,2001:4430:c052:2f6d:ffff:ffff:ffff:ffff,KR,South Korea,AS,Asia
2001:4430:c052:2f6f::,2001:4430:c066:5dff:ffff:ffff:ffff:ffff,KR,South Korea,AS,Asia
2001:4430:c066:5f00::,2001:4430:c0c7:75ff:ffff:ffff:ffff:ffff,KR,South Korea,AS,Asia
2001:4430:c0c7:7700::,2001:4430:c10c:56ff:ffff:ffff:ffff:ffff,KR,South Korea,AS,Asia
2001:4430:c10c:5800::,2001:4430:c116:adff:ffff:ffff:ffff:ffff,KR,South Korea,AS,Asia
2001:4430:c116:af00::,2001:4430:c13c:3fff:ffff:ffff:ffff:ffff,KR,South Korea,AS,Asia
2001:4430:c13c:4100::,2001:4430:c13f:ff:ffff:ffff:ffff:ffff,KR,South Korea,AS,Asia
2001:4430:c13f:200::,2001:4430:c19e:52ff:ffff:ffff:ffff:ffff,KR,South Korea,AS,Asia
2001:4430:c19e:5400::,2001:4430:c19e:f0ff:ffff:ffff:ffff:ffff,KR,South Korea,AS,Asia
2001:4430:c19e:f200::,2001:4430:d000:66ff:ffff:ffff:ffff:ffff,KR,South Korea,AS,Asia
2001:4430:d000:6800::,2001:4430:d056:2bff:ffff:ffff:ffff:ffff,KR,South Korea,AS,Asia
2001:4430:d056:2d00::,2001:4430:d0a4:74bb:ffff:ffff:ffff:ffff,KR,South Korea,AS,Asia
2001:4430:d0a4:74bd::,2001:4430:d0f5:49ff:ffff:ffff:ffff:ffff,KR,South Korea,AS,Asia
2001:4430:d0f5:4b00::,2001:4430:d0f5:9e4f:ffff:ffff:ffff:ffff,KR,South Korea,AS,Asia
2001:4430:d0f5:9e51::,2001:4430:d133:24ff:ffff:ffff:ffff:ffff,KR,South Korea,AS,Asia
2001:4430:d133:2600::,2001:4430:d135:6bff:ffff:ffff:ffff:ffff,KR,South Korea,AS,Asia
2001:4430:d135:6d00::,2001:4430:ffff:ffff:ffff:ffff:ffff:ffff,KR,South Korea,AS,Asia
2001:4455:1a4:9600::,2001:4455:1a4:9600:ffff:ffff:ffff:ffff,KR,South Korea,AS,Asia
2001:44c8:41fe:b00::,2001:44c8:41fe:bff:ffff:ffff:ffff:ffff,KR,South Korea,AS,Asia
2001:44c8:41fe:2800::,2001:44c8:41fe:28ff:ffff:ffff:ffff:ffff,KR,South Korea,AS,Asia
2001:44c8:41ff:8700::,2001:44c8:41ff:87ff:ffff:ffff:ffff:ffff,KR,South Korea,AS,Asia
2001:44c8:41ff:af00::,2001:44c8:41ff:afff:ffff:ffff:ffff:ffff,KR,South Korea,AS,Asia
2001:44c8:41ff:bc00::,2001:44c8:41ff:bcff:ffff:ffff:ffff:ffff,KR,South Korea,AS,Asia
2001:44d0::,2001:44df:ffff:ffff:ffff:ffff:ffff:ffff,KR,South Korea,AS,Asia
2001:4860:7:40e::,2001:4860:7:40e:ffff:ffff:ffff:ffff,KR,South Korea,AS,Asia
2001:4860:7:50e::,2001:4860:7:50e:ffff:ffff:ffff:ffff,KR,South Korea,AS,Asia
2001:b400:e335:b00::,2001:b400:e335:bff:ffff:ffff:ffff:ffff,KR,South Korea,AS,Asia
2001:b400:e35c:8f00::,2001:b400:e35c:8fff:ffff:ffff:ffff:ffff,KR,South Korea,AS,Asia
2001:b400:e385:7a00::,2001:b400:e385:7aff:ffff:ffff:ffff:ffff,KR,South Korea,AS,Asia
2001:b400:e3a4:9500::,2001:b400:e3a4:95ff:ffff:ffff:ffff:ffff,KR,South Korea,AS,Asia
2001:b400:e487:d000::,2001:b400:e487:d0ff:ffff:ffff:ffff:ffff,KR,South Korea,AS,Asia
2400::,2400:35:ffff:ffff:ffff:ffff:ffff:ffff,KR,South Korea,AS,Asia
2400:36:0:1::,2400:f2:6fff:ffff:ffff:ffff:ffff:ffff,KR,South Korea,AS,Asia
2400:f2:7001::,2400:1bb:ffff:ffff:ffff:ffff:ffff:ffff,KR,South Korea,AS,Asia
2400:1bd::,2400:fff:ffff:ffff:ffff:ffff:ffff:ffff,KR,South Korea,AS,Asia
2400:1800::,2400:1800:ffff:ffff:ffff:ffff:ffff:ffff,KR,South Korea,AS,Asia
2400:2200:1c1:9a00::,2400:2200:1c1:9aff:ffff:ffff:ffff:ffff,KR,South Korea,AS,Asia
2400:2652:43a2:f500::,2400:2652:43a2:f5ff:ffff:ffff:ffff:ffff,KR,South Korea,AS,Asia
2400:3300::,2400:3300:ffff:ffff:ffff:ffff:ffff:ffff,KR,South Korea,AS,Asia
2400:3460::,2400:3460:ffff:ffff:ffff:ffff:ffff:ffff,KR,South Korea,AS,Asia
2400:4780::,2400:4780:ffff:ffff:ffff:ffff:ffff:ffff,KR,South Korea,AS,Asia
2400:4980::,2400:4980:ffff:ffff:ffff:ffff:ffff:ffff,KR,South Korea,AS,Asia
2400:5920::,2400:5920:ffff:ffff:ffff:ffff:ffff:ffff,KR,South Korea,AS,Asia
2400:5ce0:18::,2400:5ce0:1f:ffff:ffff:ffff:ffff:ffff,KR,South Korea,AS,Asia
2400:6500:0:4404::,2400:6500:0:4407:ffff:ffff:ffff:ffff,KR,South Korea,AS,Asia
2400:8800:1f1b::,2400:8800:1f1b:ff:ffff:ffff:ffff:ffff,KR,South Korea,AS,Asia
2400:9e80::,2400:9e80:ffff:ffff:ffff:ffff:ffff:ffff,KR,South Korea,AS,Asia
2400:9f80::,2400:9f80:ffff:ffff:ffff:ffff:ffff:ffff,KR,South Korea,AS,Asia
2400:a0a0::,2400:a0a0:ffff:ffff:ffff:ffff:ffff:ffff,KR,South Korea,AS,Asia
2400:a580::,2400:a580:ffff:ffff:ffff:ffff:ffff:ffff,KR,South Korea,AS,Asia
2400:ab00::,2400:ab00:ffff:ffff:ffff:ffff:ffff:ffff,KR,South Korea,AS,Asia
2400:b8c0::,2400:b8c0:ffff:ffff:ffff:ffff:ffff:ffff,KR,South Korea,AS,Asia
2400:cb00:34::,2400:cb00:34:ffff:ffff:ffff:ffff:ffff,KR,South Korea,AS,Asia
2400:cb00:443::,2400:cb00:443:ffff:ffff:ffff:ffff:ffff,KR,South Korea,AS,Asia
2400:cb00:523::,2400:cb00:523:ffff:ffff:ffff:ffff:ffff,KR,South Korea,AS,Asia
2400:cb00:665::,2400:cb00:665:ffff:ffff:ffff:ffff:ffff,KR,South Korea,AS,Asia
2400:cf00::,2400:cf00:ffff:ffff:ffff:ffff:ffff:ffff,KR,South Korea,AS,Asia
2400:e180::,2400:e180:ffff:ffff:ffff:ffff:ffff:ffff,KR,South Korea,AS,Asia
2400:fd60::,2400:fd60:ffff:ffff:ffff:ffff:ffff:ffff,KR,South Korea,AS,Asia
2400:fd80::,2400:fd80:ff:ffff:ffff:ffff:ffff:ffff,KR,South Korea,AS,Asia
2400:fd80:106::,2400:fd80:106:ff:ffff:ffff:ffff:ffff,KR,South Korea,AS,Asia
2400:fd80:10e::,2400:fd80:10e:3fff:ffff:ffff:ffff:ffff,KR,South Korea,AS,Asia
2400:fd80:200::,2400:fd80:ffff:ffff:ffff:ffff:ffff:ffff,KR,South Korea,AS,Asia
2400:fda0::,2400:fda0:ffff:ffff:ffff:ffff:ffff:ffff,KR,South Korea,AS,Asia
2400:fda6::,2400:fda6:ffff:ffff:ffff:ffff:ffff:ffff,KR,South Korea,AS,Asia
2401:2700::,2401:2700:ffff:ffff:ffff:ffff:ffff:ffff,KR,South Korea,AS,Asia
2401:4000::,2401:4000:ffff:ffff:ffff:ffff:ffff:ffff,KR,South Korea,AS,Asia
2401:4d45:8e0:1900::,2401:4d45:8e0:19ff:ffff:ffff:ffff:ffff,KR,South Korea,AS,Asia
2401:8ac0::,2401:8ac0:ffff:ffff:ffff:ffff:ffff:ffff,KR,South Korea,AS,Asia
2401:9ec0::,2401:9ec0:ffff:ffff:ffff:ffff:ffff:ffff,KR,South Korea,AS,Asia
2401:a000::,2401:a000:ffff:ffff:ffff:ffff:ffff:ffff,KR,South Korea,AS,Asia
2401:a800::,2401:a800:ffff:ffff:ffff:ffff:ffff:ffff,KR,South Korea,AS,Asia
2401:ae40::,2401:ae40:ffff:ffff:ffff:ffff:ffff:ffff,KR,South Korea,AS,Asia
2401:c080:1c00::,2401:c080:1fff:ffff:ffff:ffff:ffff:ffff,KR,South Korea,AS,Asia
2401:c500::,2401:c500:fcff:ffff:ffff:ffff:ffff:ffff,KR,South Korea,AS,Asia
2401:c500:fd01::,2401:c500:fd01:ffff:ffff:ffff:ffff:ffff,KR,South Korea,AS,Asia
2401:c500:fd03::,2401:c500:fd03:ffff:ffff:ffff:ffff:ffff,KR,South Korea,AS,Asia
2401:c500:fd05::,2401:c500:fd05:ffff:ffff:ffff:ffff:ffff,KR,South Korea,AS,Asia
2401:c500:fd0a::,2401:c500:fd0f:ffff:ffff:ffff:ffff:ffff,KR,South Korea,AS,Asia
2401:c500:fd15::,2401:c500:ffff:ffff:ffff:ffff:ffff:ffff,KR,South Korea,AS,Asia
2401:d800:b06:5000::,2401:d800:b06:50ff:ffff:ffff:ffff:ffff,KR,South Korea,AS,Asia
2401:e200::,2401:e200:ffff:ffff:ffff:ffff:ffff:ffff,KR,South Korea,AS,Asia
2401:fa00:d::,2401:fa00:d:ffff:ffff:ffff:ffff:ffff,KR,South Korea,AS,Asia
2401:fa00:17::,2401:fa00:17:ffff:ffff:ffff:ffff:ffff,KR,South Korea,AS,Asia
2401:fa00:1c::,2401:fa00:1c:ffff:ffff:ffff:ffff:ffff,KR,South Korea,AS,Asia
2401:fa00:83::,2401:fa00:83:ffff:ffff:ffff:ffff:ffff,KR,South Korea,AS,Asia
2401:fa00:98::,2401:fa00:98:ffff:ffff:ffff:ffff:ffff,KR,South Korea,AS,Asia
2401:fa00:9d::,2401:fa00:9d:ffff:ffff:ffff:ffff:ffff,KR,South Korea,AS,Asia
2401:fa00:e2::,2401:fa00:e2:ffff:ffff:ffff:ffff:ffff,KR,South Korea,AS,Asia
2401:fa00:400:4a00::,2401:fa00:400:4bff:ffff:ffff:ffff:ffff,KR,South Korea,AS,Asia
2401:fa00:480:9600::,2401:fa00:480:97ff:ffff:ffff:ffff:ffff,KR,South Korea,AS,Asia
2402::,2402:3ff:ffff:ffff:ffff:ffff:ffff:ffff,KR,South Korea,AS,Asia
2402:800:71ae:1585::,2402:800:71ae:1585:ffff:ffff:ffff:ffff,KR,South Korea,AS,Asia
2402:1980:8331:e800::,2402:1980:8331:e8ff:ffff:ffff:ffff:ffff,KR,South Korea,AS,Asia
2402:1a00::,2402:1a00:ffff:ffff:ffff:ffff:ffff:ffff,KR,South Korea,AS,Asia
2402:28c0:fffb::,2402:28c0:fffc:ffff:ffff:ffff:ffff:ffff,KR,South Korea,AS,Asia
2402:3100::,2402:3100:ffff:ffff:ffff:ffff:ffff:ffff,KR,South Korea,AS,Asia
2402:5800::,2402:5800:ffff:ffff:ffff:ffff:ffff:ffff,KR,South Korea,AS,Asia
2402:6100::,2402:6100:ffff:ffff:ffff:ffff:ffff:ffff,KR,South Korea,AS,Asia
2402:7000::,2402:7000:ffff:ffff:ffff:ffff:ffff:ffff,KR,South Korea,AS,Asia
2402:9d80:271:bc00::,2402:9d80:271:bcff:ffff:ffff:ffff:ffff,KR,South Korea,AS,Asia
2402:9d80:30b:e600::,2402:9d80:30b:e6ff:ffff:ffff:ffff:ffff,KR,South Korea,AS,Asia
2402:9d80:401:cb00::,2402:9d80:401:cbff:ffff:ffff:ffff:ffff,KR,South Korea,AS,Asia
2402:bcc0::,2402:bcc0:ffff:ffff:ffff:ffff:ffff:ffff,KR,South Korea,AS,Asia
2402:be00::,2402:be00:ffff:ffff:ffff:ffff:ffff:ffff,KR,South Korea,AS,Asia
2402:de00::,2402:de00:ffff:ffff:ffff:ffff:ffff:ffff,KR,South Korea,AS,Asia
2402:e940:10::,2402:e940:1f:ffff:ffff:ffff:ffff:ffff,KR,South Korea,AS,Asia
2402:e940:50::,2402:e940:5f:ffff:ffff:ffff:ffff:ffff,KR,South Korea,AS,Asia
2402:f400::,2402:f400:ffff:ffff:ffff:ffff:ffff:ffff,KR,South Korea,AS,Asia
2403:300:422:100::,2403:300:422:2ff:ffff:ffff:ffff:ffff,KR,South Korea,AS,Asia
2403:300:a16::,2403:300:a16:ffff:ffff:ffff:ffff:ffff,KR,South Korea,AS,Asia
2403:300:1502::,2403:300:1502:ffff:ffff:ffff:ffff:ffff,KR,South Korea,AS,Asia
2403:300:1d30::,2403:300:1d32:ffff:ffff:ffff:ffff:ffff,KR,South Korea,AS,Asia
2403:300:1df1::,2403:300:1df1:ffff:ffff:ffff:ffff:ffff,KR,South Korea,AS,Asia
2403:300:6008::,2403:300:6008:ffff:ffff:ffff:ffff:ffff,KR,South Korea,AS,Asia
2403:3700::,2403:3700:ffff:ffff:ffff:ffff:ffff:ffff,KR,South Korea,AS,Asia
2403:3e00::,2403:3e00:ffff:ffff:ffff:ffff:ffff:ffff,KR,South Korea,AS,Asia
2403:6300::,2403:6300:ffff:ffff:ffff:ffff:ffff:ffff,KR,South Korea,AS,Asia
2403:6500::,2403:6500:ffff:ffff:ffff:ffff:ffff:ffff,KR,South Korea,AS,Asia
2403:e800:900:100::,2403:e800:900:1ff:ffff:ffff:ffff:ffff,KR,South Korea,AS,Asia
2404:180::,2404:18f:ffff:ffff:ffff:ffff:ffff:ffff,KR,South Korea,AS,Asia
2404:800::,2404:800:ffff:ffff:ffff:ffff:ffff:ffff,KR,South Korea,AS,Asia
2404:2040::,2404:2040:ffff:ffff:ffff:ffff:ffff:ffff,KR,South Korea,AS,Asia
2404:2300::,2404:2300:ffff:ffff:ffff:ffff:ffff:ffff,KR,South Korea,AS,Asia
2404:4600::,2404:4600:ffff:ffff:ffff:ffff:ffff:ffff,KR,South Korea,AS,Asia
2404:5d80:6800::,2404:5d80:68ff:ffff:ffff:ffff:ffff:ffff,KR,South Korea,AS,Asia
2404:7ac0:20c0::,2404:7ac0:20ff:ffff:ffff:ffff:ffff:ffff,KR,South Korea,AS,Asia
2404:f340:10::,2404:f340:10:ffff:ffff:ffff:ffff:ffff,KR,South Korea,AS,Asia
2405:4c0::,2405:4c0:ffff:ffff:ffff:ffff:ffff:ffff,KR,South Korea,AS,Asia
2405:2000:2800:10::,2405:2000:2800:2f:ffff:ffff:ffff:ffff,KR,South Korea,AS,Asia
2405:3500::,2405:3500:ffff:ffff:ffff:ffff:ffff:ffff,KR,South Korea,AS,Asia
2405:3d00::,2405:3d00:ffff:ffff:ffff:ffff:ffff:ffff,KR,South Korea,AS,Asia
2405:4300::,2405:4300:ffff:ffff:ffff:ffff:ffff:ffff,KR,South Korea,AS,Asia
2405:5800::,2405:5800:ffff:ffff:ffff:ffff:ffff:ffff,KR,South Korea,AS,Asia
2405:5f00::,2405:5f00:ffff:ffff:ffff:ffff:ffff:ffff,KR,South Korea,AS,Asia
2405:7b00::,2405:7b00:ffff:ffff:ffff:ffff:ffff:ffff,KR,South Korea,AS,Asia
2405:8600::,2405:8600:ffff:ffff:ffff:ffff:ffff:ffff,KR,South Korea,AS,Asia
2405:8dc0::,2405:8dc0:ffff:ffff:ffff:ffff:ffff:ffff,KR,South Korea,AS,Asia
2405:9500::,2405:9500:ffff:ffff:ffff:ffff:ffff:ffff,KR,South Korea,AS,Asia
2405:c000::,2405:c000:ffff:ffff:ffff:ffff:ffff:ffff,KR,South Korea,AS,Asia
2405:d880::,2405:d880:ffff:ffff:ffff:ffff:ffff:ffff,KR,South Korea,AS,Asia
2405:f080:e0e::,2405:f080:e0f:ffff:ffff:ffff:ffff:ffff,KR,South Korea,AS,Asia
2405:fd80:f00::,2405:fd80:fff:ffff:ffff:ffff:ffff:ffff,KR,South Korea,AS,Asia
2405:fd80:1300::,2405:fd80:13ff:ffff:ffff:ffff:ffff:ffff,KR,South Korea,AS,Asia
2406:840:860::,2406:840:860:ffff:ffff:ffff:ffff:ffff,KR,South Korea,AS,Asia
2406:840:1860::,2406:840:1860:ffff:ffff:ffff:ffff:ffff,KR,South Korea,AS,Asia
2406:1ac0::,2406:1ac0:ffff:ffff:ffff:ffff:ffff:ffff,KR,South Korea,AS,Asia
2406:3bc0:100::,2406:3bc0:1ff:ffff:ffff:ffff:ffff:ffff,KR,South Korea,AS,Asia
2406:4000::,2406:4000:ffff:ffff:ffff:ffff:ffff:ffff,KR,South Korea,AS,Asia
2406:5900::,2406:5900:ffff:ffff:ffff:ffff:ffff:ffff,KR,South Korea,AS,Asia
2406:6600::,2406:6600:ffff:ffff:ffff:ffff:ffff:ffff,KR,South Korea,AS,Asia
2406:6800::,2406:6800:ffff:ffff:ffff:ffff:ffff:ffff,KR,South Korea,AS,Asia
2406:6a00::,2406:6a00:ffff:ffff:ffff:ffff:ffff:ffff,KR,South Korea,AS,Asia
2406:ad00::,2406:ad00:ffff:ffff:ffff:ffff:ffff:ffff,KR,South Korea,AS,Asia
2406:b000::,2406:b000:ffff:ffff:ffff:ffff:ffff:ffff,KR,South Korea,AS,Asia
2406:d000::,2406:d000:ffff:ffff:ffff:ffff:ffff:ffff,KR,South Korea,AS,Asia
2406:d700::,2406:d700:ffff:ffff:ffff:ffff:ffff:ffff,KR,South Korea,AS,Asia
2406:da12:4:d600::,2406:da12:4:d6ff:ffff:ffff:ffff:ffff,KR,South Korea,AS,Asia
2406:da12:11:cf00::,2406:da12:11:cfff:ffff:ffff:ffff:ffff,KR,South Korea,AS,Asia
2406:da12:17:6500::,2406:da12:17:65ff:ffff:ffff:ffff:ffff,KR,South Korea,AS,Asia
2406:da12:1b:1400::,2406:da12:1b:14ff:ffff:ffff:ffff:ffff,KR,South Korea,AS,Asia
2406:da12:5b:c300::,2406:da12:5b:c3ff:ffff:ffff:ffff:ffff,KR,South Korea,AS,Asia
2406:da12:79:2e00::,2406:da12:79:2eff:ffff:ffff:ffff:ffff,KR,South Korea,AS,Asia
2406:da12:125:d00::,2406:da12:125:dff:ffff:ffff:ffff:ffff,KR,South Korea,AS,Asia
2406:da12:15d:c600::,2406:da12:15d:c6ff:ffff:ffff:ffff:ffff,KR,South Korea,AS,Asia
2406:da12:161:5600::,2406:da12:161:56ff:ffff:ffff:ffff:ffff,KR,South Korea,AS,Asia
2406:da12:177:5100::,2406:da12:177:51ff:ffff:ffff:ffff:ffff,KR,South Korea,AS,Asia
2406:da12:17a:8e00::,2406:da12:17a:8eff:ffff:ffff:ffff:ffff,KR,South Korea,AS,Asia
2406:da12:18a:4f00::,2406:da12:18a:4fff:ffff:ffff:ffff:ffff,KR,South Korea,AS,Asia
2406:da12:19a:e800::,2406:da12:19a:e8ff:ffff:ffff:ffff:ffff,KR,South Korea,AS,Asia
2406:da12:1cd:9c00::,2406:da12:1cd:9cff:ffff:ffff:ffff:ffff,KR,South Korea,AS,Asia
2406:da12:1d0:7a00::,2406:da12:1d0:7aff:ffff:ffff:ffff:ffff,KR,South Korea,AS,Asia
2406:da12:206:b200::,2406:da12:206:b2ff:ffff:ffff:ffff:ffff,KR,South Korea,AS,Asia
2406:da12:245:f800::,2406:da12:245:f8ff:ffff:ffff:ffff:ffff,KR,South Korea,AS,Asia
2406:da12:266:1900::,2406:da12:266:19ff:ffff:ffff:ffff:ffff,KR,South Korea,AS,Asia
2406:da12:296:f100::,2406:da12:296:f1ff:ffff:ffff:ffff:ffff,KR,South Korea,AS,Asia
2406:da12:29c:9a00::,2406:da12:29c:9aff:ffff:ffff:ffff:ffff,KR,South Korea,AS,Asia
2406:da12:332:bf00::,2406:da12:332:bfff:ffff:ffff:ffff:ffff,KR,South Korea,AS,Asia
2406:da12:34e:7200::,2406:da12:34e:72ff:ffff:ffff:ffff:ffff,KR,South Korea,AS,Asia
2406:da12:356:4700::,2406:da12:356:47ff:ffff:ffff:ffff:ffff,KR,South Korea,AS,Asia
2406:da12:3ba:4600::,2406:da12:3ba:46ff:ffff:ffff:ffff:ffff,KR,South Korea,AS,Asia
2406:da12:430:3d00::,2406:da12:430:3dff:ffff:ffff:ffff:ffff,KR,South Korea,AS,Asia
2406:da12:48f:1f00::,2406:da12:48f:1fff:ffff:ffff:ffff:ffff,KR,South Korea,AS,Asia
2406:da12:4bd:fb00::,2406:da12:4bd:fbff:ffff:ffff:ffff:ffff,KR,South Korea,AS,Asia
2406:da12:4f0:1a00::,2406:da12:4f0:1aff:ffff:ffff:ffff:ffff,KR,South Korea,AS,Asia
2406:da12:508:6500::,2406:da12:508:65ff:ffff:ffff:ffff:ffff,KR,South Korea,AS,Asia
2406:da12:524:cb00::,2406:da12:524:cbff:ffff:ffff:ffff:ffff,KR,South Korea,AS,Asia
2406:da12:554:a300::,2406:da12:554:a3ff:ffff:ffff:ffff:ffff,KR,South Korea,AS,Asia
2406:da12:580:6c00::,2406:da12:580:6cff:ffff:ffff:ffff:ffff,KR,South Korea,AS,Asia
2406:da12:581:a900::,2406:da12:581:a9ff:ffff:ffff:ffff:ffff,KR,South Korea,AS,Asia
2406:da12:597:900::,2406:da12:597:9ff:ffff:ffff:ffff:ffff,KR,South Korea,AS,Asia
2406:da12:599:6800::,2406:da12:599:68ff:ffff:ffff:ffff:ffff,KR,South Korea,AS,Asia
2406:da12:5eb:d400::,2406:da12:5eb:d4ff:ffff:ffff:ffff:ffff,KR,South Korea,AS,Asia
2406:da12:625:4a00::,2406:da12:625:4aff:ffff:ffff:ffff:ffff,KR,South Korea,AS,Asia
2406:da12:665:4100::,2406:da12:665:41ff:ffff:ffff:ffff:ffff,KR,South Korea,AS,Asia
2406:da12:674:f300::,2406:da12:674:f3ff:ffff:ffff:ffff:ffff,KR,South Korea,AS,Asia
2406:da12:6b1:1200::,2406:da12:6b1:12ff:ffff:ffff:ffff:ffff,KR,South Korea,AS,Asia
2406:da12:6b2:5b00::,2406:da12:6b2:5bff:ffff:ffff:ffff:ffff,KR,South Korea,AS,Asia
2406:da12:6c7:c500::,2406:da12:6c7:c5ff:ffff:ffff:ffff:ffff,KR,South Korea,AS,Asia
2406:da12:710:8200::,2406:da12:710:82ff:ffff:ffff:ffff:ffff,KR,South Korea,AS,Asia
2406:da12:714:8d00::,2406:da12:714:8dff:ffff:ffff:ffff:ffff,KR,South Korea,AS,Asia
2406:da12:733:ee00::,2406:da12:733:eeff:ffff:ffff:ffff:ffff,KR,South Korea,AS,Asia
2406:da12:778:1500::,2406:da12:778:15ff:ffff:ffff:ffff:ffff,KR,South Korea,AS,Asia
2406:da12:899:d400::,2406:da12:899:d4ff:ffff:ffff:ffff:ffff,KR,South Korea,AS,Asia
2406:da12:89c:4500::,2406:da12:89c:45ff:ffff:ffff:ffff:ffff,KR,South Korea,AS,Asia
2406:da12:8b7:2000::,2406:da12:8b7:20ff:ffff:ffff:ffff:ffff,KR,South Korea,AS,Asia
2406:da12:8c9:fb00::,2406:da12:8c9:fbff:ffff:ffff:ffff:ffff,KR,South Korea,AS,Asia
2406:da12:8d7:8600::,2406:da12:8d7:86ff:ffff:ffff:ffff:ffff,KR,South Korea,AS,Asia
2406:da12:8e3:d200::,2406:da12:8e3:d2ff:ffff:ffff:ffff:ffff,KR,South Korea,AS,Asia
2406:da12:8f7:f00::,2406:da12:8f7:fff:ffff:ffff:ffff:ffff,KR,South Korea,AS,Asia
2406:da12:918:8a00::,2406:da12:918:8aff:ffff:ffff:ffff:ffff,KR,South Korea,AS,Asia
2406:da12:929:bb00::,2406:da12:929:bbff:ffff:ffff:ffff:ffff,KR,South Korea,AS,Asia
2406:da12:94b:e700::,2406:da12:94b:e7ff:ffff:ffff:ffff:ffff,KR,South Korea,AS,Asia
2406:da12:95d:a00::,2406:da12:95d:aff:ffff:ffff:ffff:ffff,KR,South Korea,AS,Asia
2406:da12:98f:700::,2406:da12:98f:7ff:ffff:ffff:ffff:ffff,KR,South Korea,AS,Asia
2406:da12:9e8:a300::,2406:da12:9e8:a3ff:ffff:ffff:ffff:ffff,KR,South Korea,AS,Asia
2406:da12:a03:c900::,2406:da12:a03:c9ff:ffff:ffff:ffff:ffff,KR,South Korea,AS,Asia
2406:da12:a29:dd00::,2406:da12:a29:ddff:ffff:ffff:ffff:ffff,KR,South Korea,AS,Asia
2406:da12:a82:9200::,2406:da12:a82:92ff:ffff:ffff:ffff:ffff,KR,South Korea,AS,Asia
2406:da12:a94:2c00::,2406:da12:a94:2cff:ffff:ffff:ffff:ffff,KR,South Korea,AS,Asia
2406:da12:b16:6e00::,2406:da12:b16:6eff:ffff:ffff:ffff:ffff,KR,South Korea,AS,Asia
2406:da12:b49:ea00::,2406:da12:b49:eaff:ffff:ffff:ffff:ffff,KR,South Korea,AS,Asia
2406:da12:b6c:bd00::,2406:da12:b6c:bdff:ffff:ffff:ffff:ffff,KR,South Korea,AS,Asia
2406:da12:b81:b000::,2406:da12:b81:b0ff:ffff:ffff:ffff:ffff,KR,South Korea,AS,Asia
2406:da12:c3a:5d00::,2406:da12:c3a:5dff:ffff:ffff:ffff:ffff,KR,South Korea,AS,Asia
2406:da12:c98:db00::,2406:da12:c98:dbff:ffff:ffff:ffff:ffff,KR,South Korea,AS,Asia
2406:da12:caa:d000::,2406:da12:caa:d0ff:ffff:ffff:ffff:ffff,KR,South Korea,AS,Asia
2406:da12:cb3:c400::,2406:da12:cb3:c4ff:ffff:ffff:ffff:ffff,KR,South Korea,AS,Asia
2406:da12:ccd:9e00::,2406:da12:ccd:9eff:ffff:ffff:ffff:ffff,KR,South Korea,AS,Asia
2406:da12:ce2:5800::,2406:da12:ce2:58ff:ffff:ffff:ffff:ffff,KR,South Korea,AS,Asia
2406:da12:cfd:f100::,2406:da12:cfd:f1ff:ffff:ffff:ffff:ffff,KR,South Korea,AS,Asia
2406:da12:d0e:5700::,2406:da12:d0e:57ff:ffff:ffff:ffff:ffff,KR,South Korea,AS,Asia
2406:da12:d72:3d00::,2406:da12:d72:3dff:ffff:ffff:ffff:ffff,KR,South Korea,AS,Asia
2406:da12:d77:900::,2406:da12:d77:9ff:ffff:ffff:ffff:ffff,KR,South Korea,AS,Asia
2406:da12:da0:7b00::,2406:da12:da0:7bff:ffff:ffff:ffff:ffff,KR,South Korea,AS,Asia
2406:da12:ded:4f00::,2406:da12:ded:4fff:ffff:ffff:ffff:ffff,KR,South Korea,AS,Asia
2406:da12:df2:e600::,2406:da12:df2:e6ff:ffff:ffff:ffff:ffff,KR,South Korea,AS,Asia
2406:da12:e19:d00::,2406:da12:e19:dff:ffff:ffff:ffff:ffff,KR,South Korea,AS,Asia
2406:da12:e85:9c00::,2406:da12:e85:9cff:ffff:ffff:ffff:ffff,KR,South Korea,AS,Asia
2406:da12:e89:3b00::,2406:da12:e89:3bff:ffff:ffff:ffff:ffff,KR,South Korea,AS,Asia
2406:da12:f18:8c00::,2406:da12:f18:8cff:ffff:ffff:ffff:ffff,KR,South Korea,AS,Asia
2406:da12:f43:db00::,2406:da12:f43:dbff:ffff:ffff:ffff:ffff,KR,South Korea,AS,Asia
2406:da12:f4e:5c00::,2406:da12:f4e:5cff:ffff:ffff:ffff:ffff,KR,South Korea,AS,Asia
2406:da12:f7a:e200::,2406:da12:f7a:e2ff:ffff:ffff:ffff:ffff,KR,South Korea,AS,Asia
2406:da12:fa0:6300::,2406:da12:fa0:63ff:ffff:ffff:ffff:ffff,KR,South Korea,AS,Asia
2406:da12:fa8:1300::,2406:da12:fa8:13ff:ffff:ffff:ffff:ffff,KR,South Korea,AS,Asia
2406:da12:fb5:e500::,2406:da12:fb5:e5ff:ffff:ffff:ffff:ffff,KR,South Korea,AS,Asia
2407:b00::,2407:b00:ffff:ffff:ffff:ffff:ffff:ffff,KR,South Korea,AS,Asia
2407:2000::,2407:2000:ffff:ffff:ffff:ffff:ffff:ffff,KR,South Korea,AS,Asia
2407:3500::,2407:3500:ffff:ffff:ffff:ffff:ffff:ffff,KR,South Korea,AS,Asia
2407:5080::,2407:5080:ffff:ffff:ffff:ffff:ffff:ffff,KR,South Korea,AS,Asia
2407:5180::,2407:5180:ffff:ffff:ffff:ffff:ffff:ffff,KR,South Korea,AS,Asia
2407:64c0::,2407:64c0:ffff:ffff:ffff:ffff:ffff:ffff,KR,South Korea,AS,Asia
2407:6500::,2407:6500:ffff:ffff:ffff:ffff:ffff:ffff,KR,South Korea,AS,Asia
2407:6700::,2407:6700:ffff:ffff:ffff:ffff:ffff:ffff,KR,South Korea,AS,Asia
2407:9100::,2407:9100:ffff:ffff:ffff:ffff:ffff:ffff,KR,South Korea,AS,Asia
2407:9b80::,2407:9b80:ffff:ffff:ffff:ffff:ffff:ffff,KR,South Korea,AS,Asia
2407:b200::,2407:b200:ffff:ffff:ffff:ffff:ffff:ffff,KR,South Korea,AS,Asia
2407:b800::,2407:b800:ffff:ffff:ffff:ffff:ffff:ffff,KR,South Korea,AS,Asia
2407:c000::,2407:c000:ffff:ffff:ffff:ffff:ffff:ffff,KR,South Korea,AS,Asia
2407:c280:ee:8::,2407:c280:ee:8:ffff:ffff:ffff:ffff,KR,South Korea,AS,Asia
2407:c700::,2407:c700:ffff:ffff:ffff:ffff:ffff:ffff,KR,South Korea,AS,Asia
2407:d100::,2407:d100:ffff:ffff:ffff:ffff:ffff:ffff,KR,South Korea,AS,Asia
2408:823c:4c17:2254::,2408:823c:4c17:2254:ffff:ffff:ffff:ffff,KR,South Korea,AS,Asia
2409:891f:c0:d00::,2409:891f:c0:dff:ffff:ffff:ffff:ffff,KR,South Korea,AS,Asia
2409:894a:11f:a86::,2409:894a:11f:a86:ffff:ffff:ffff:ffff,KR,South Korea,AS,Asia
2409:8a20:a7d:50f0::,2409:8a20:a7d:50f0:ffff:ffff:ffff:ffff,KR,South Korea,AS,Asia
240a:61:1101:9d00::,240a:61:1101:9dff:ffff:ffff:ffff:ffff,KR,South Korea,AS,Asia
240a:61:1123:200::,240a:61:1123:2ff:ffff:ffff:ffff:ffff,KR,South Korea,AS,Asia
240a:61:21b1:3e00::,240a:61:21b1:3eff:ffff:ffff:ffff:ffff,KR,South Korea,AS,Asia
240a:6b:631:f200::,240a:6b:631:f2ff:ffff:ffff:ffff:ffff,KR,South Korea,AS,Asia
240b:c010:4e1:1a00::,240b:c010:4e1:1aff:ffff:ffff:ffff:ffff,KR,South Korea,AS,Asia
240b:c010:4f8:3c00::,240b:c010:4f8:3cff:ffff:ffff:ffff:ffff,KR,South Korea,AS,Asia
240b:c010:4f8:7a00::,240b:c010:4f8:7aff:ffff:ffff:ffff:ffff,KR,South Korea,AS,Asia
240b:c010:4f9:3000::,240b:c010:4f9:30ff:ffff:ffff:ffff:ffff,KR,South Korea,AS,Asia
240b:c010:4f9:6500::,240b:c010:4f9:65ff:ffff:ffff:ffff:ffff,KR,South Korea,AS,Asia
240b:c010:4f9:6b00::,240b:c010:4f9:6bff:ffff:ffff:ffff:ffff,KR,South Korea,AS,Asia
240b:c010:4f9:7e00::,240b:c010:4f9:7eff:ffff:ffff:ffff:ffff,KR,South Korea,AS,Asia
240b:c010:4f9:bb00::,240b:c010:4f9:bbff:ffff:ffff:ffff:ffff,KR,South Korea,AS,Asia
240b:c010:4f9:c200::,240b:c010:4f9:c2ff:ffff:ffff:ffff:ffff,KR,South Korea,AS,Asia
240b:c010:4fa:3100::,240b:c010:4fa:31ff:ffff:ffff:ffff:ffff,KR,South Korea,AS,Asia
240b:c010:4fa:4900::,240b:c010:4fa:49ff:ffff:ffff:ffff:ffff,KR,South Korea,AS,Asia
240b:c010:4fa:6500::,240b:c010:4fa:65ff:ffff:ffff:ffff:ffff,KR,South Korea,AS,Asia
240b:c010:4fa:a200::,240b:c010:4fa:a2ff:ffff:ffff:ffff:ffff,KR,South Korea,AS,Asia
240b:c010:4fb:2700::,240b:c010:4fb:27ff:ffff:ffff:ffff:ffff,KR,South Korea,AS,Asia
240b:c010:4fb:b200::,240b:c010:4fb:b2ff:ffff:ffff:ffff:ffff,KR,South Korea,AS,Asia
240b:c010:4fc:2800::,240b:c010:4fc:29ff:ffff:ffff:ffff:ffff,KR,South Korea,AS,Asia
240b:c010:4fc:3800::,240b:c010:4fc:38ff:ffff:ffff:ffff:ffff,KR,South Korea,AS,Asia
240b:c010:4fc:4a00::,240b:c010:4fc:4aff:ffff:ffff:ffff:ffff,KR,South Korea,AS,Asia
240b:c010:4fc:bd00::,240b:c010:4fc:bdff:ffff:ffff:ffff:ffff,KR,South Korea,AS,Asia
240b:c010:4fd:1a00::,240b:c010:4fd:1aff:ffff:ffff:ffff:ffff,KR,South Korea,AS,Asia
240b:c010:4fd:2300::,240b:c010:4fd:23ff:ffff:ffff:ffff:ffff,KR,South Korea,AS,Asia
240b:c010:4fd:4e00::,240b:c010:4fd:4eff:ffff:ffff:ffff:ffff,KR,South Korea,AS,Asia
240b:c010:4fd:5100::,240b:c010:4fd:51ff:ffff:ffff:ffff:ffff,KR,South Korea,AS,Asia
240b:c010:4fd:5800::,240b:c010:4fd:58ff:ffff:ffff:ffff:ffff,KR,South Korea,AS,Asia
240b:c010:4fd:7300::,240b:c010:4fd:73ff:ffff:ffff:ffff:ffff,KR,South Korea,AS,Asia
240b:c010:4fd:ba00::,240b:c010:4fd:baff:ffff:ffff:ffff:ffff,KR,South Korea,AS,Asia
240b:c010:4fe:8000::,240b:c010:4fe:80ff:ffff:ffff:ffff:ffff,KR,South Korea,AS,Asia
240b:c010:4fe:a400::,240b:c010:4fe:a4ff:ffff:ffff:ffff:ffff,KR,South Korea,AS,Asia
240b:c010:4fe:ef00::,240b:c010:4fe:efff:ffff:ffff:ffff:ffff,KR,South Korea,AS,Asia
240b:c010:4ff:1500::,240b:c010:4ff:15ff:ffff:ffff:ffff:ffff,KR,South Korea,AS,Asia
240b:c020:4c0:5900::,240b:c020:4c0:59ff:ffff:ffff:ffff:ffff,KR,South Korea,AS,Asia
240b:c020:4f8:9700::,240b:c020:4f8:97ff:ffff:ffff:ffff:ffff,KR,South Korea,AS,Asia
240b:c020:4f8:c400::,240b:c020:4f8:c4ff:ffff:ffff:ffff:ffff,KR,South Korea,AS,Asia
240b:c020:4f8:ed00::,240b:c020:4f8:edff:ffff:ffff:ffff:ffff,KR,South Korea,AS,Asia
240b:c020:4f9:d00::,240b:c020:4f9:dff:ffff:ffff:ffff:ffff,KR,South Korea,AS,Asia
240b:c020:4f9:7100::,240b:c020:4f9:71ff:ffff:ffff:ffff:ffff,KR,South Korea,AS,Asia
240b:c020:4f9:df00::,240b:c020:4f9:dfff:ffff:ffff:ffff:ffff,KR,South Korea,AS,Asia
240b:c020:4f9:fb00::,240b:c020:4f9:fbff:ffff:ffff:ffff:ffff,KR,South Korea,AS,Asia
240b:c020:4fa:4100::,240b:c020:4fa:41ff:ffff:ffff:ffff:ffff,KR,South Korea,AS,Asia
240b:c020:4fa:9600::,240b:c020:4fa:96ff:ffff:ffff:ffff:ffff,KR,South Korea,AS,Asia
240b:c020:4fa:9d00::,240b:c020:4fa:9dff:ffff:ffff:ffff:ffff,KR,South Korea,AS,Asia
240b:c020:4fa:bc00::,240b:c020:4fa:bcff:ffff:ffff:ffff:ffff,KR,South Korea,AS,Asia
240b:c020:4fa:fb00::,240b:c020:4fa:fbff:ffff:ffff:ffff:ffff,KR,South Korea,AS,Asia
240b:c020:4fb:2d00::,240b:c020:4fb:2dff:ffff:ffff:ffff:ffff,KR,South Korea,AS,Asia
240b:c020:4fb:7300::,240b:c020:4fb:73ff:ffff:ffff:ffff:ffff,KR,South Korea,AS,Asia
240b:c020:4fb:9900::,240b:c020:4fb:99ff:ffff:ffff:ffff:ffff,KR,South Korea,AS,Asia
240b:c020:4fb:f800::,240b:c020:4fb:f8ff:ffff:ffff:ffff:ffff,KR,South Korea,AS,Asia
240b:c020:4fc:3300::,240b:c020:4fc:34ff:ffff:ffff:ffff:ffff,KR,South Korea,AS,Asia
240b:c020:4fc:6300::,240b:c020:4fc:63ff:ffff:ffff:ffff:ffff,KR,South Korea,AS,Asia
240b:c020:4fd::,240b:c020:4fd:ff:ffff:ffff:ffff:ffff,KR,South Korea,AS,Asia
240b:c020:4fd:d400::,240b:c020:4fd:d4ff:ffff:ffff:ffff:ffff,KR,South Korea,AS,Asia
240b:c020:4fe:4100::,240b:c020:4fe:41ff:ffff:ffff:ffff:ffff,KR,South Korea,AS,Asia
240b:c020:4ff:1c00::,240b:c020:4ff:1cff:ffff:ffff:ffff:ffff,KR,South Korea,AS,Asia
240b:c020:4ff:3700::,240b:c020:4ff:37ff:ffff:ffff:ffff:ffff,KR,South Korea,AS,Asia
240d:1a:b39:c100::,240d:1a:b39:c1ff:ffff:ffff:ffff:ffff,KR,South Korea,AS,Asia
2600:1410:1000::,2600:1410:1000:ffff:ffff:ffff:ffff:ffff,KR,South Korea,AS,Asia
2600:1410:2000::,2600:1410:2000:ffff:ffff:ffff:ffff:ffff,KR,South Korea,AS,Asia
2600:1410:3000::,2600:1410:3000:ffff:ffff:ffff:ffff:ffff,KR,South Korea,AS,Asia
2600:1410:4000::,2600:1410:4000:ffff:ffff:ffff:ffff:ffff,KR,South Korea,AS,Asia
2600:1410:5000::,2600:1410:5000:ffff:ffff:ffff:ffff:ffff,KR,South Korea,AS,Asia
2600:1410:6000::,2600:1410:6000:ffff:ffff:ffff:ffff:ffff,KR,South Korea,AS,Asia
2600:1410:7000::,2600:1410:7000:ffff:ffff:ffff:ffff:ffff,KR,South Korea,AS,Asia
2600:1410:9000::,2600:1410:9000:ffff:ffff:ffff:ffff:ffff,KR,South Korea,AS,Asia
2600:1410:b000::,2600:1410:b000:ffff:ffff:ffff:ffff:ffff,KR,South Korea,AS,Asia
2600:1410:c000::,2600:1410:c000:ffff:ffff:ffff:ffff:ffff,KR,South Korea,AS,Asia
2600:1410:d000::,2600:1410:d000:ffff:ffff:ffff:ffff:ffff,KR,South Korea,AS,Asia
2600:1410:e000::,2600:1410:e000:ffff:ffff:ffff:ffff:ffff,KR,South Korea,AS,Asia
2600:1417:e::,2600:1417:e:ffff:ffff:ffff:ffff:ffff,KR,South Korea,AS,Asia
2600:1417:2e::,2600:1417:2f:ffff:ffff:ffff:ffff:ffff,KR,South Korea,AS,Asia
2600:1901:8180::,2600:1901:818f:ffff:ffff:ffff:ffff:ffff,KR,South Korea,AS,Asia
2600:70ff:a403::,2600:70ff:a403:ffff:ffff:ffff:ffff:ffff,KR,South Korea,AS,Asia
2600:70ff:a408::,2600:70ff:a408:ffff:ffff:ffff:ffff:ffff,KR,South Korea,AS,Asia
2600:70ff:a40e::,2600:70ff:a40e:ffff:ffff:ffff:ffff:ffff,KR,South Korea,AS,Asia
2600:70ff:a47c::,2600:70ff:a47c:ffff:ffff:ffff:ffff:ffff,KR,South Korea,AS,Asia
2600:70ff:a47f::,2600:70ff:a47f:ffff:ffff:ffff:ffff:ffff,KR,South Korea,AS,Asia
2600:70ff:a488::,2600:70ff:a488:ffff:ffff:ffff:ffff:ffff,KR,South Korea,AS,Asia
2600:70ff:a48f::,2600:70ff:a48f:ffff:ffff:ffff:ffff:ffff,KR,South Korea,AS,Asia
2600:70ff:a492::,2600:70ff:a492:ffff:ffff:ffff:ffff:ffff,KR,South Korea,AS,Asia
2600:70ff:a4b4::,2600:70ff:a4b5:ffff:ffff:ffff:ffff:ffff,KR,South Korea,AS,Asia
2600:70ff:a4d1::,2600:70ff:a4d2:ffff:ffff:ffff:ffff:ffff,KR,South Korea,AS,Asia
2600:70ff:a4dc::,2600:70ff:a4dc:ffff:ffff:ffff:ffff:ffff,KR,South Korea,AS,Asia
2600:70ff:a4e8::,2600:70ff:a4e8:ffff:ffff:ffff:ffff:ffff,KR,South Korea,AS,Asia
2600:70ff:a4ec::,2600:70ff:a4ed:ffff:ffff:ffff:ffff:ffff,KR,South Korea,AS,Asia
2600:70ff:a4f2::,2600:70ff:a4f3:ffff:ffff:ffff:ffff:ffff,KR,South Korea,AS,Asia
2600:70ff:a4f5::,2600:70ff:a4f5:ffff:ffff:ffff:ffff:ffff,KR,South Korea,AS,Asia
2600:70ff:a506::,2600:70ff:a506:ffff:ffff:ffff:ffff:ffff,KR,South Korea,AS,Asia
2600:70ff:a509::,2600:70ff:a509:ffff:ffff:ffff:ffff:ffff,KR,South Korea,AS,Asia
2600:70ff:a50c::,2600:70ff:a50c:ffff:ffff:ffff:ffff:ffff,KR,South Korea,AS,Asia
2600:70ff:a50f::,2600:70ff:a50f:ffff:ffff:ffff:ffff:ffff,KR,South Korea,AS,Asia
2600:70ff:a512::,2600:70ff:a512:ffff:ffff:ffff:ffff:ffff,KR,South Korea,AS,Asia
2600:70ff:a537::,2600:70ff:a538:ffff:ffff:ffff:ffff:ffff,KR,South Korea,AS,Asia
2600:70ff:a53c::,2600:70ff:a53d:ffff:ffff:ffff:ffff:ffff,KR,South Korea,AS,Asia
2600:70ff:a54e::,2600:70ff:a54e:ffff:ffff:ffff:ffff:ffff,KR,South Korea,AS,Asia
2600:70ff:a550::,2600:70ff:a550:ffff:ffff:ffff:ffff:ffff,KR,South Korea,AS,Asia
2600:70ff:a555::,2600:70ff:a555:ffff:ffff:ffff:ffff:ffff,KR,South Korea,AS,Asia
2600:70ff:a574::,2600:70ff:a574:ffff:ffff:ffff:ffff:ffff,KR,South Korea,AS,Asia
2600:70ff:a586::,2600:70ff:a586:ffff:ffff:ffff:ffff:ffff,KR,South Korea,AS,Asia
2600:70ff:a589::,2600:70ff:a589:ffff:ffff:ffff:ffff:ffff,KR,South Korea,AS,Asia
2600:70ff:a590::,2600:70ff:a591:ffff:ffff:ffff:ffff:ffff,KR,South Korea,AS,Asia
2600:70ff:a596::,2600:70ff:a596:ffff:ffff:ffff:ffff:ffff,KR,South Korea,AS,Asia
2600:70ff:a598::,2600:70ff:a598:ffff:ffff:ffff:ffff:ffff,KR,South Korea,AS,Asia
2600:70ff:a59b::,2600:70ff:a59b:ffff:ffff:ffff:ffff:ffff,KR,South Korea,AS,Asia
2600:70ff:a59d::,2600:70ff:a59d:ffff:ffff:ffff:ffff:ffff,KR,South Korea,AS,Asia
2600:70ff:a5a8::,2600:70ff:a5a8:ffff:ffff:ffff:ffff:ffff,KR,South Korea,AS,Asia
2600:70ff:a5ab::,2600:70ff:a5ab:ffff:ffff:ffff:ffff:ffff,KR,South Korea,AS,Asia
2600:70ff:a5bd::,2600:70ff:a5bd:ffff:ffff:ffff:ffff:ffff,KR,South Korea,AS,Asia
2600:70ff:a5bf::,2600:70ff:a5bf:ffff:ffff:ffff:ffff:ffff,KR,South Korea,AS,Asia
2600:70ff:a5c5::,2600:70ff:a5c5:ffff:ffff:ffff:ffff:ffff,KR,South Korea,AS,Asia
2600:70ff:a622::,2600:70ff:a622:ffff:ffff:ffff:ffff:ffff,KR,South Korea,AS,Asia
2600:9000:1131::,2600:9000:1131:ff:ffff:ffff:ffff:ffff,KR,South Korea,AS,Asia
2602:2a9:d60::,2602:2a9:d6f:ffff:ffff:ffff:ffff:ffff,KR,South Korea,AS,Asia
2602:fb3c:20::,2602:fb3c:2f:ffff:ffff:ffff:ffff:ffff,KR,South Korea,AS,Asia
2602:fd50:fa0::,2602:fd50:faf:ffff:ffff:ffff:ffff:ffff,KR,South Korea,AS,Asia
2602:ff84:13::,2602:ff84:13:ffff:ffff:ffff:ffff:ffff,KR,South Korea,AS,Asia
2602:ffe4:c05::,2602:ffe4:c05:ffff:ffff:ffff:ffff:ffff,KR,South Korea,AS,Asia
2602:ffe4:c1a::,2602:ffe4:c1a:ffff:ffff:ffff:ffff:ffff,KR,South Korea,AS,Asia
2602:ffe4:c25::,2602:ffe4:c25:ffff:ffff:ffff:ffff:ffff,KR,South Korea,AS,Asia
2602:ffe4:c47::,2602:ffe4:c47:ffff:ffff:ffff:ffff:ffff,KR,South Korea,AS,Asia
2603:1040:e00::,2603:1040:fff:ffff:ffff:ffff:ffff:ffff,KR,South Korea,AS,Asia
2603:1046:100::,2603:1046:1ff:ffff:ffff:ffff:ffff:ffff,KR,South Korea,AS,Asia
2603:1046:300::,2603:1046:3ff:ffff:ffff:ffff:ffff:ffff,KR,South Korea,AS,Asia
2603:1046:801::,2603:1046:801:ffff:ffff:ffff:ffff:ffff,KR,South Korea,AS,Asia
2603:1046:803::,2603:1046:803:ffff:ffff:ffff:ffff:ffff,KR,South Korea,AS,Asia
2603:1046:805::,2603:1046:805:ffff:ffff:ffff:ffff:ffff,KR,South Korea,AS,Asia
2603:1046:821::,2603:1046:821:ffff:ffff:ffff:ffff:ffff,KR,South Korea,AS,Asia
2603:1046:829::,2603:1046:829:ffff:ffff:ffff:ffff:ffff,KR,South Korea,AS,Asia
2603:1046:82b::,2603:1046:82b:ffff:ffff:ffff:ffff:ffff,KR,South Korea,AS,Asia
2603:1046:a00:12::,2603:1046:a00:15:ffff:ffff:ffff:ffff,KR,South Korea,AS,Asia
2603:1046:c00:c001::,2603:1046:c00:c001:ffff:ffff:ffff:ffff,KR,South Korea,AS,Asia
2603:1046:c00:c006::,2603:1046:c00:c006:ffff:ffff:ffff:ffff,KR,South Korea,AS,Asia
2603:1046:c07::,2603:1046:c08:17ff:ffff:ffff:ffff:ffff,KR,South Korea,AS,Asia
2603:1046:1404::,2603:1046:1405:ffff:ffff:ffff:ffff:ffff,KR,South Korea,AS,Asia
2603:1046:1500:1c::,2603:1046:1500:1c:ffff:ffff:ffff:ffff,KR,South Korea,AS,Asia
2603:1046:1500:20::,2603:1046:1500:20:ffff:ffff:ffff:ffff,KR,South Korea,AS,Asia
2603:1046:2000:e0::,2603:1046:2000:ff:ffff:ffff:ffff:ffff,KR,South Korea,AS,Asia
2603:1046:2000:160::,2603:1046:2000:17f:ffff:ffff:ffff:ffff,KR,South Korea,AS,Asia
2603:1047::,2603:1047::ffff:ffff:ffff:ffff,KR,South Korea,AS,Asia
2603:1047:0:4::,2603:1047:0:4:ffff:ffff:ffff:ffff,KR,South Korea,AS,Asia
2603:1047:0:7::,2603:1047:0:7:ffff:ffff:ffff:ffff,KR,South Korea,AS,Asia
2603:1047:0:10::,2603:1047:0:10:ffff:ffff:ffff:ffff,KR,South Korea,AS,Asia
2603:1047:0:48::,2603:1047:0:49:ffff:ffff:ffff:ffff,KR,South Korea,AS,Asia
2603:1047:0:80::,2603:1047:0:80:ffff:ffff:ffff:ffff,KR,South Korea,AS,Asia
2603:1047:0:84::,2603:1047:0:84:ffff:ffff:ffff:ffff,KR,South Korea,AS,Asia
2603:1047:0:87::,2603:1047:0:87:ffff:ffff:ffff:ffff,KR,South Korea,AS,Asia
2603:1047:0:92::,2603:1047:0:92:ffff:ffff:ffff:ffff,KR,South Korea,AS,Asia
2603:1047:0:c8::,2603:1047:0:c9:ffff:ffff:ffff:ffff,KR,South Korea,AS,Asia
2603:1047:0:680::,2603:1047:0:6af:ffff:ffff:ffff:ffff,KR,South Korea,AS,Asia
2603:1047:0:6c0::,2603:1047:0:6ff:ffff:ffff:ffff:ffff,KR,South Korea,AS,Asia
2603:1047:1:e0::,2603:1047:1:ff:ffff:ffff:ffff:ffff,KR,South Korea,AS,Asia
2603:1047:1:160::,2603:1047:1:17f:ffff:ffff:ffff:ffff,KR,South Korea,AS,Asia
2603:1047:500::,2603:1047:5ff:ffff:ffff:ffff:ffff:ffff,KR,South Korea,AS,Asia
2603:1047:b00::,2603:1047:bff:ffff:ffff:ffff:ffff:ffff,KR,South Korea,AS,Asia
2603:1049:300::,2603:1049:3ff:ffff:ffff:ffff:ffff:ffff,KR,South Korea,AS,Asia
2603:1049:900::,2603:1049:9ff:ffff:ffff:ffff:ffff:ffff,KR,South Korea,AS,Asia
2603:1061:1300:1c00::,2603:1061:1300:23ff:ffff:ffff:ffff:ffff,KR,South Korea,AS,Asia
2603:1061:1300:4c00::,2603:1061:1300:4fff:ffff:ffff:ffff:ffff,KR,South Korea,AS,Asia
2603:1061:1310:1c00::,2603:1061:1310:23ff:ffff:ffff:ffff:ffff,KR,South Korea,AS,Asia
2603:1061:1310:4c00::,2603:1061:1310:4fff:ffff:ffff:ffff:ffff,KR,South Korea,AS,Asia
2603:1061:13f0:1c00::,2603:1061:13f0:23ff:ffff:ffff:ffff:ffff,KR,South Korea,AS,Asia
2603:1061:13f0:4c00::,2603:1061:13f0:4fff:ffff:ffff:ffff:ffff,KR,South Korea,AS,Asia
2603:1061:1600:1500::,2603:1061:1600:15ff:ffff:ffff:ffff:ffff,KR,South Korea,AS,Asia
2603:1061:1600:1c00::,2603:1061:1600:1cff:ffff:ffff:ffff:ffff,KR,South Korea,AS,Asia
2603:1061:1600:2300::,2603:1061:1600:23ff:ffff:ffff:ffff:ffff,KR,South Korea,AS,Asia
2603:1062:0:73::,2603:1062:0:73:ffff:ffff:ffff:ffff,KR,South Korea,AS,Asia
2603:1062:0:80::,2603:1062:0:81:ffff:ffff:ffff:ffff,KR,South Korea,AS,Asia
2603:1062:0:85::,2603:1062:0:85:ffff:ffff:ffff:ffff,KR,South Korea,AS,Asia
2603:1062:0:88::,2603:1062:0:88:ffff:ffff:ffff:ffff,KR,South Korea,AS,Asia
2603:1062:0:301::,2603:1062:0:302:ffff:ffff:ffff:ffff,KR,South Korea,AS,Asia
2603:1062:0:314::,2603:1062:0:314:ffff:ffff:ffff:ffff,KR,South Korea,AS,Asia
2603:1062:6:240::,2603:1062:6:241:ffff:ffff:ffff:ffff,KR,South Korea,AS,Asia
2603:1062:6:300::,2603:1062:6:305:ffff:ffff:ffff:ffff,KR,South Korea,AS,Asia
2603:1063::,2603:1063:0:1ff:ffff:ffff:ffff:ffff,KR,South Korea,AS,Asia
2603:1063:1::,2603:1063:1:1ff:ffff:ffff:ffff:ffff,KR,South Korea,AS,Asia
2603:1063:2f:100::,2603:1063:2f:1ff:ffff:ffff:ffff:ffff,KR,South Korea,AS,Asia
2603:1063:100::,2603:1063:100:1ff:ffff:ffff:ffff:ffff,KR,South Korea,AS,Asia
2603:1063:115::,2603:1063:115:1ff:ffff:ffff:ffff:ffff,KR,South Korea,AS,Asia
2603:1063:200::,2603:1063:200:1ff:ffff:ffff:ffff:ffff,KR,South Korea,AS,Asia
2603:1063:215::,2603:1063:215:1ff:ffff:ffff:ffff:ffff,KR,South Korea,AS,Asia
2603:1063:2001:1500::,2603:1063:2001:15ff:ffff:ffff:ffff:ffff,KR,South Korea,AS,Asia
2603:1063:2001:1c00::,2603:1063:2001:1cff:ffff:ffff:ffff:ffff,KR,South Korea,AS,Asia
2603:1063:2001:2300::,2603:1063:2001:23ff:ffff:ffff:ffff:ffff,KR,South Korea,AS,Asia
2603:1063:2202:1c::,2603:1063:2202:1f:ffff:ffff:ffff:ffff,KR,South Korea,AS,Asia
2603:1063:2202:34::,2603:1063:2202:37:ffff:ffff:ffff:ffff,KR,South Korea,AS,Asia
2603:c000:a00::,2603:c000:aff:ffff:ffff:ffff:ffff:ffff,KR,South Korea,AS,Asia
2603:c000:1000::,2603:c000:10ff:ffff:ffff:ffff:ffff:ffff,KR,South Korea,AS,Asia
2603:c001:1400::,2603:c001:15ff:ffff:ffff:ffff:ffff:ffff,KR,South Korea,AS,Asia
2603:c001:2000::,2603:c001:21ff:ffff:ffff:ffff:ffff:ffff,KR,South Korea,AS,Asia
2603:c002:a00::,2603:c002:aff:ffff:ffff:ffff:ffff:ffff,KR,South Korea,AS,Asia
2603:c002:1000::,2603:c002:10ff:ffff:ffff:ffff:ffff:ffff,KR,South Korea,AS,Asia
2603:c002:8a00::,2603:c002:8aff:ffff:ffff:ffff:ffff:ffff,KR,South Korea,AS,Asia
2603:c002:9000::,2603:c002:90ff:ffff:ffff:ffff:ffff:ffff,KR,South Korea,AS,Asia
2603:c011:4000::,2603:c011:4fff:ffff:ffff:ffff:ffff:ffff,KR,South Korea,AS,Asia
2603:c012::,2603:c012:fff:ffff:ffff:ffff:ffff:ffff,KR,South Korea,AS,Asia
2603:c022:8000::,2603:c022:9fff:ffff:ffff:ffff:ffff:ffff,KR,South Korea,AS,Asia
2603:c024::,2603:c024:1fff:ffff:ffff:ffff:ffff:ffff,KR,South Korea,AS,Asia
2606:40:1b38::,2606:40:1b3f:ffff:ffff:ffff:ffff:ffff,KR,South Korea,AS,Asia
2606:40:1ba0::,2606:40:1baf:ffff:ffff:ffff:ffff:ffff,KR,South Korea,AS,Asia
2606:3dc0:101b::,2606:3dc0:101b:ffff:ffff:ffff:ffff:ffff,KR,South Korea,AS,Asia
2606:54c0:3f00::,2606:54c0:3f00:0:ffff:ffff:ffff:ffff,KR,South Korea,AS,Asia
2606:54c0:3f00:10::,2606:54c0:3f00:10:ffff:ffff:ffff:ffff,KR,South Korea,AS,Asia
2606:54c0:3f00:18::,2606:54c0:3f00:18:ffff:ffff:ffff:ffff,KR,South Korea,AS,Asia
2606:54c0:3f00:20::,2606:54c0:3f00:20:ffff:ffff:ffff:ffff,KR,South Korea,AS,Asia
2606:54c0:3f00:28::,2606:54c0:3f00:28:ffff:ffff:ffff:ffff,KR,South Korea,AS,Asia
2606:54c0:3f00:30::,2606:54c0:3f00:30:ffff:ffff:ffff:ffff,KR,South Korea,AS,Asia
2606:54c0:3f00:38::,2606:54c0:3f00:38:ffff:ffff:ffff:ffff,KR,South Korea,AS,Asia
2606:54c0:3f00:40::,2606:54c0:3f00:40:ffff:ffff:ffff:ffff,KR,South Korea,AS,Asia
2606:54c0:3f00:48::,2606:54c0:3f00:48:ffff:ffff:ffff:ffff,KR,South Korea,AS,Asia
2606:54c0:3f00:58::,2606:54c0:3f00:58:ffff:ffff:ffff:ffff,KR,South Korea,AS,Asia
2606:54c0:3f00:60::,2606:54c0:3f00:60:ffff:ffff:ffff:ffff,KR,South Korea,AS,Asia
2606:54c0:3f00:80::,2606:54c0:3f00:80:ffff:ffff:ffff:ffff,KR,South Korea,AS,Asia
2606:54c0:3f00:90::,2606:54c0:3f00:90:ffff:ffff:ffff:ffff,KR,South Korea,AS,Asia
2606:54c0:3f00:98::,2606:54c0:3f00:98:ffff:ffff:ffff:ffff,KR,South Korea,AS,Asia
2606:54c0:3f00:a0::,2606:54c0:3f00:a0:ffff:ffff:ffff:ffff,KR,South Korea,AS,Asia
2606:54c0:3f00:a8::,2606:54c0:3f00:a8:ffff:ffff:ffff:ffff,KR,South Korea,AS,Asia
2606:54c0:3f00:b0::,2606:54c0:3f00:b0:ffff:ffff:ffff:ffff,KR,South Korea,AS,Asia
2606:54c0:3f00:b8::,2606:54c0:3f00:b8:ffff:ffff:ffff:ffff,KR,South Korea,AS,Asia
2606:54c0:3f00:518::,2606:54c0:3f00:518:ffff:ffff:ffff:ffff,KR,South Korea,AS,Asia
2606:54c0:3f20::,2606:54c0:3f20:0:ffff:ffff:ffff:ffff,KR,South Korea,AS,Asia
2606:54c0:3f20:10::,2606:54c0:3f20:10:ffff:ffff:ffff:ffff,KR,South Korea,AS,Asia
2606:54c0:3f20:18::,2606:54c0:3f20:18:ffff:ffff:ffff:ffff,KR,South Korea,AS,Asia
2606:54c0:3f20:20::,2606:54c0:3f20:20:ffff:ffff:ffff:ffff,KR,South Korea,AS,Asia
2606:54c0:3f20:28::,2606:54c0:3f20:28:ffff:ffff:ffff:ffff,KR,South Korea,AS,Asia
2606:54c0:3f20:30::,2606:54c0:3f20:30:ffff:ffff:ffff:ffff,KR,South Korea,AS,Asia
2606:54c0:3f20:38::,2606:54c0:3f20:38:ffff:ffff:ffff:ffff,KR,South Korea,AS,Asia
2606:54c0:3f20:40::,2606:54c0:3f20:40:ffff:ffff:ffff:ffff,KR,South Korea,AS,Asia
2606:54c0:3f20:48::,2606:54c0:3f20:48:ffff:ffff:ffff:ffff,KR,South Korea,AS,Asia
2606:54c0:3f20:58::,2606:54c0:3f20:58:ffff:ffff:ffff:ffff,KR,South Korea,AS,Asia
2606:54c0:3f20:60::,2606:54c0:3f20:60:ffff:ffff:ffff:ffff,KR,South Korea,AS,Asia
2606:54c0:3f20:80::,2606:54c0:3f20:80:ffff:ffff:ffff:ffff,KR,South Korea,AS,Asia
2606:54c0:3f20:90::,2606:54c0:3f20:90:ffff:ffff:ffff:ffff,KR,South Korea,AS,Asia
2606:54c0:3f20:98::,2606:54c0:3f20:98:ffff:ffff:ffff:ffff,KR,South Korea,AS,Asia
2606:54c0:3f20:a0::,2606:54c0:3f20:a0:ffff:ffff:ffff:ffff,KR,South Korea,AS,Asia
2606:54c0:3f20:a8::,2606:54c0:3f20:a8:ffff:ffff:ffff:ffff,KR,South Korea,AS,Asia
2606:54c0:3f20:b0::,2606:54c0:3f20:b0:ffff:ffff:ffff:ffff,KR,South Korea,AS,Asia
2606:54c0:3f20:b8::,2606:54c0:3f20:b8:ffff:ffff:ffff:ffff,KR,South Korea,AS,Asia
2606:54c0:3f20:518::,2606:54c0:3f20:518:ffff:ffff:ffff:ffff,KR,South Korea,AS,Asia
2606:54c0:3f40::,2606:54c0:3f40:0:ffff:ffff:ffff:ffff,KR,South Korea,AS,Asia
2606:54c0:3f40:10::,2606:54c0:3f40:10:ffff:ffff:ffff:ffff,KR,South Korea,AS,Asia
2606:54c0:3f40:18::,2606:54c0:3f40:18:ffff:ffff:ffff:ffff,KR,South Korea,AS,Asia
2606:54c0:3f40:20::,2606:54c0:3f40:20:ffff:ffff:ffff:ffff,KR,South Korea,AS,Asia
2606:54c0:3f40:28::,2606:54c0:3f40:28:ffff:ffff:ffff:ffff,KR,South Korea,AS,Asia
2606:54c0:3f40:30::,2606:54c0:3f40:30:ffff:ffff:ffff:ffff,KR,South Korea,AS,Asia
2606:54c0:3f40:38::,2606:54c0:3f40:38:ffff:ffff:ffff:ffff,KR,South Korea,AS,Asia
2606:54c0:3f40:40::,2606:54c0:3f40:40:ffff:ffff:ffff:ffff,KR,South Korea,AS,Asia
2606:54c0:3f40:48::,2606:54c0:3f40:48:ffff:ffff:ffff:ffff,KR,South Korea,AS,Asia
2606:54c0:3f40:58::,2606:54c0:3f40:58:ffff:ffff:ffff:ffff,KR,South Korea,AS,Asia
2606:54c0:3f40:60::,2606:54c0:3f40:60:ffff:ffff:ffff:ffff,KR,South Korea,AS,Asia
2606:54c0:3f40:80::,2606:54c0:3f40:80:ffff:ffff:ffff:ffff,KR,South Korea,AS,Asia
2606:54c0:3f40:90::,2606:54c0:3f40:90:ffff:ffff:ffff:ffff,KR,South Korea,AS,Asia
2606:54c0:3f40:98::,2606:54c0:3f40:98:ffff:ffff:ffff:ffff,KR,South Korea,AS,Asia
2606:54c0:3f40:a0::,2606:54c0:3f40:a0:ffff:ffff:ffff:ffff,KR,South Korea,AS,Asia
2606:54c0:3f40:a8::,2606:54c0:3f40:a8:ffff:ffff:ffff:ffff,KR,South Korea,AS,Asia
2606:54c0:3f40:b0::,2606:54c0:3f40:b0:ffff:ffff:ffff:ffff,KR,South Korea,AS,Asia
2606:54c0:3f40:b8::,2606:54c0:3f40:b8:ffff:ffff:ffff:ffff,KR,South Korea,AS,Asia
2606:54c0:3f40:518::,2606:54c0:3f40:518:ffff:ffff:ffff:ffff,KR,South Korea,AS,Asia
2606:54c0:3f60::,2606:54c0:3f60:0:ffff:ffff:ffff:ffff,KR,South Korea,AS,Asia
2606:54c0:3f60:10::,2606:54c0:3f60:10:ffff:ffff:ffff:ffff,KR,South Korea,AS,Asia
2606:54c0:3f60:18::,2606:54c0:3f60:18:ffff:ffff:ffff:ffff,KR,South Korea,AS,Asia
2606:54c0:3f60:20::,2606:54c0:3f60:20:ffff:ffff:ffff:ffff,KR,South Korea,AS,Asia
2606:54c0:3f60:28::,2606:54c0:3f60:28:ffff:ffff:ffff:ffff,KR,South Korea,AS,Asia
2606:54c0:3f60:30::,2606:54c0:3f60:30:ffff:ffff:ffff:ffff,KR,South Korea,AS,Asia
2606:54c0:3f60:38::,2606:54c0:3f60:38:ffff:ffff:ffff:ffff,KR,South Korea,AS,Asia
2606:54c0:3f60:40::,2606:54c0:3f60:40:ffff:ffff:ffff:ffff,KR,South Korea,AS,Asia
2606:54c0:3f60:48::,2606:54c0:3f60:48:ffff:ffff:ffff:ffff,KR,South Korea,AS,Asia
2606:54c0:3f60:58::,2606:54c0:3f60:58:ffff:ffff:ffff:ffff,KR,South Korea,AS,Asia
2606:54c0:3f60:60::,2606:54c0:3f60:60:ffff:ffff:ffff:ffff,KR,South Korea,AS,Asia
2606:54c0:3f60:80::,2606:54c0:3f60:80:ffff:ffff:ffff:ffff,KR,South Korea,AS,Asia
2606:54c0:3f60:90::,2606:54c0:3f60:90:ffff:ffff:ffff:ffff,KR,South Korea,AS,Asia
2606:54c0:3f60:98::,2606:54c0:3f60:98:ffff:ffff:ffff:ffff,KR,South Korea,AS,Asia
2606:54c0:3f60:a0::,2606:54c0:3f60:a0:ffff:ffff:ffff:ffff,KR,South Korea,AS,Asia
2606:54c0:3f60:a8::,2606:54c0:3f60:a8:ffff:ffff:ffff:ffff,KR,South Korea,AS,Asia
2606:54c0:3f60:b0::,2606:54c0:3f60:b0:ffff:ffff:ffff:ffff,KR,South Korea,AS,Asia
2606:54c0:3f60:b8::,2606:54c0:3f60:b8:ffff:ffff:ffff:ffff,KR,South Korea,AS,Asia
2606:54c0:3f60:518::,2606:54c0:3f60:518:ffff:ffff:ffff:ffff,KR,South Korea,AS,Asia
2606:f4c0:2680::,2606:f4c0:268f:ffff:ffff:ffff:ffff:ffff,KR,South Korea,AS,Asia
2607:6b80:3b::,2607:6b80:3b:ffff:ffff:ffff:ffff:ffff,KR,South Korea,AS,Asia
2607:f0d0:2701:e5::,2607:f0d0:2701:e5:ffff:ffff:ffff:ffff,KR,South Korea,AS,Asia
2607:fdc0:180::,2607:fdc0:1bf:ffff:ffff:ffff:ffff:ffff,KR,South Korea,AS,Asia
2620:171:67::,2620:171:67:ffff:ffff:ffff:ffff:ffff,KR,South Korea,AS,Asia
2a00:11c0:13::,2a00:11c0:13:ffff:ffff:ffff:ffff:ffff,KR,South Korea,AS,Asia
2a00:11c0:37::,2a00:11c0:37:ffff:ffff:ffff:ffff:ffff,KR,South Korea,AS,Asia
2a00:79e0:200:1300::,2a00:79e0:200:13ff:ffff:ffff:ffff:ffff,KR,South Korea,AS,Asia
2a00:79e0:ffe2:2d00::,2a00:79e0:ffe2:2dff:ffff:ffff:ffff:ffff,KR,South Korea,AS,Asia
2a00:79e0:ffe2:6a00::,2a00:79e0:ffe2:6aff:ffff:ffff:ffff:ffff,KR,South Korea,AS,Asia
2a00:79e0:ffe2:7e00::,2a00:79e0:ffe2:7eff:ffff:ffff:ffff:ffff,KR,South Korea,AS,Asia
2a00:79e0:ffe2:ab00::,2a00:79e0:ffe2:abff:ffff:ffff:ffff:ffff,KR,South Korea,AS,Asia
2a00:79e0:ffe2:db00::,2a00:79e0:ffe2:dbff:ffff:ffff:ffff:ffff,KR,South Korea,AS,Asia
2a00:79e0:ffe2:e200::,2a00:79e0:ffe2:e2ff:ffff:ffff:ffff:ffff,KR,South Korea,AS,Asia
2a00:79e0:ffe3:fc00::,2a00:79e0:ffe3:fcff:ffff:ffff:ffff:ffff,KR,South Korea,AS,Asia
2a00:79e1:abc:5400::,2a00:79e1:abc:54ff:ffff:ffff:ffff:ffff,KR,South Korea,AS,Asia
2a00:79e1:f001:2600::,2a00:79e1:f001:26ff:ffff:ffff:ffff:ffff,KR,South Korea,AS,Asia
2a00:79e1:f001:4b00::,2a00:79e1:f001:4bff:ffff:ffff:ffff:ffff,KR,South Korea,AS,Asia
2a01:111:2053:b00::,2a01:111:2053:bff:ffff:ffff:ffff:ffff,KR,South Korea,AS,Asia
2a01:111:f400:2e02::,2a01:111:f400:2e02:ffff:ffff:ffff:ffff,KR,South Korea,AS,Asia
2a01:111:f400:2e04::,2a01:111:f400:2e13:ffff:ffff:ffff:ffff,KR,South Korea,AS,Asia
2a01:111:f400:2e40::,2a01:111:f400:2e49:ffff:ffff:ffff:ffff,KR,South Korea,AS,Asia
2a01:111:f400:3008::,2a01:111:f400:300f:ffff:ffff:ffff:ffff,KR,South Korea,AS,Asia
2a01:111:f400:325d::,2a01:111:f400:325d:ffff:ffff:ffff:ffff,KR,South Korea,AS,Asia
2a01:111:f400:325f::,2a01:111:f400:3270:ffff:ffff:ffff:ffff,KR,South Korea,AS,Asia
2a01:111:f400:602a::,2a01:111:f400:602b:ffff:ffff:ffff:ffff,KR,South Korea,AS,Asia
2a01:111:f400:607f::,2a01:111:f400:607f:ffff:ffff:ffff:ffff,KR,South Korea,AS,Asia
2a01:111:f400:7e92::,2a01:111:f400:7e93:ffff:ffff:ffff:ffff,KR,South Korea,AS,Asia
2a01:111:f400:7eac::,2a01:111:f400:7ead:ffff:ffff:ffff:ffff,KR,South Korea,AS,Asia
2a01:111:f400:7ebd::,2a01:111:f400:7ebd:ffff:ffff:ffff:ffff,KR,South Korea,AS,Asia
2a01:111:f400:7ebf::,2a01:111:f400:7ebf:ffff:ffff:ffff:ffff,KR,South Korea,AS,Asia
2a01:111:f400:e0f2::,2a01:111:f400:e0f2:ffff:ffff:ffff:ffff,KR,South Korea,AS,Asia
2a01:111:f400:e0f4::,2a01:111:f400:e0f4:ffff:ffff:ffff:ffff,KR,South Korea,AS,Asia
2a01:111:f400:feac::,2a01:111:f400:feae:ffff:ffff:ffff:ffff,KR,South Korea,AS,Asia
2a01:111:f400:febe::,2a01:111:f400:febe:ffff:ffff:ffff:ffff,KR,South Korea,AS,Asia
2a01:111:f400:fec0::,2a01:111:f400:fec1:ffff:ffff:ffff:ffff,KR,South Korea,AS,Asia
2a01:111:f400:fec6::,2a01:111:f400:fec6:ffff:ffff:ffff:ffff,KR,South Korea,AS,Asia
2a01:111:f400:fec9::,2a01:111:f400:fec9:ffff:ffff:ffff:ffff,KR,South Korea,AS,Asia
2a01:111:f400:fee0::,2a01:111:f400:fee1:ffff:ffff:ffff:ffff,KR,South Korea,AS,Asia
2a01:111:f400:fee6::,2a01:111:f400:fee6:ffff:ffff:ffff:ffff,KR,South Korea,AS,Asia
2a01:111:f400:feec::,2a01:111:f400:feed:ffff:ffff:ffff:ffff,KR,South Korea,AS,Asia
2a01:111:f402:4400::,2a01:111:f402:4bff:ffff:ffff:ffff:ffff,KR,South Korea,AS,Asia
2a01:111:f402:f0d1::,2a01:111:f402:f0d2:ffff:ffff:ffff:ffff,KR,South Korea,AS,Asia
2a01:111:f403:55::,2a01:111:f403:55:ffff:ffff:ffff:ffff,KR,South Korea,AS,Asia
2a01:111:f403:57::,2a01:111:f403:57:ffff:ffff:ffff:ffff,KR,South Korea,AS,Asia
2a01:111:f403:72::,2a01:111:f403:73:ffff:ffff:ffff:ffff,KR,South Korea,AS,Asia
2a01:111:f403:8a::,2a01:111:f403:8b:ffff:ffff:ffff:ffff,KR,South Korea,AS,Asia
2a01:111:f403:1000::,2a01:111:f403:1000:ffff:ffff:ffff:ffff,KR,South Korea,AS,Asia
2a01:111:f403:1005::,2a01:111:f403:1005:ffff:ffff:ffff:ffff,KR,South Korea,AS,Asia
2a01:111:f403:100b::,2a01:111:f403:100c:ffff:ffff:ffff:ffff,KR,South Korea,AS,Asia
2a01:111:f403:100f::,2a01:111:f403:100f:ffff:ffff:ffff:ffff,KR,South Korea,AS,Asia
2a01:111:f403:2000::,2a01:111:f403:2001:ffff:ffff:ffff:ffff,KR,South Korea,AS,Asia
2a01:111:f403:200c::,2a01:111:f403:200c:ffff:ffff:ffff:ffff,KR,South Korea,AS,Asia
2a01:111:f403:200e::,2a01:111:f403:200e:ffff:ffff:ffff:ffff,KR,South Korea,AS,Asia
2a01:111:f403:2022::,2a01:111:f403:2023:ffff:ffff:ffff:ffff,KR,South Korea,AS,Asia
2a01:111:f403:2800::,2a01:111:f403:2801:ffff:ffff:ffff:ffff,KR,South Korea,AS,Asia
2a01:111:f403:2807::,2a01:111:f403:2807:ffff:ffff:ffff:ffff,KR,South Korea,AS,Asia
2a01:111:f403:2809::,2a01:111:f403:2809:ffff:ffff:ffff:ffff,KR,South Korea,AS,Asia
2a01:111:f403:281d::,2a01:111:f403:281e:ffff:ffff:ffff:ffff,KR,South Korea,AS,Asia
2a01:111:f403:3003::,2a01:111:f403:3003:ffff:ffff:ffff:ffff,KR,South Korea,AS,Asia
2a01:111:f403:3005::,2a01:111:f403:3005:ffff:ffff:ffff:ffff,KR,South Korea,AS,Asia
2a01:111:f403:3019::,2a01:111:f403:301a:ffff:ffff:ffff:ffff,KR,South Korea,AS,Asia
2a01:111:f403:301f::,2a01:111:f403:3020:ffff:ffff:ffff:ffff,KR,South Korea,AS,Asia
2a01:111:f403:500c::,2a01:111:f403:500e:ffff:ffff:ffff:ffff,KR,South Korea,AS,Asia
2a01:111:f403:5017::,2a01:111:f403:5017:ffff:ffff:ffff:ffff,KR,South Korea,AS,Asia
2a01:111:f403:7079::,2a01:111:f403:7079:ffff:ffff:ffff:ffff,KR,South Korea,AS,Asia
2a01:111:f403:707b::,2a01:111:f403:707b:ffff:ffff:ffff:ffff,KR,South Korea,AS,Asia
2a01:111:f403:7131::,2a01:111:f403:7131:ffff:ffff:ffff:ffff,KR,South Korea,AS,Asia
2a01:111:f403:718a::,2a01:111:f403:718b:ffff:ffff:ffff:ffff,KR,South Korea,AS,Asia
2a01:111:f403:71a4::,2a01:111:f403:71ab:ffff:ffff:ffff:ffff,KR,South Korea,AS,Asia
2a01:111:f403:8004::,2a01:111:f403:8005:ffff:ffff:ffff:ffff,KR,South Korea,AS,Asia
2a01:111:f403:9000::,2a01:111:f403:9001:ffff:ffff:ffff:ffff,KR,South Korea,AS,Asia
2a01:111:f403:9004::,2a01:111:f403:9004:ffff:ffff:ffff:ffff,KR,South Korea,AS,Asia
2a01:111:f403:9007::,2a01:111:f403:9007:ffff:ffff:ffff:ffff,KR,South Korea,AS,Asia
2a01:111:f403:9012::,2a01:111:f403:9013:ffff:ffff:ffff:ffff,KR,South Korea,AS,Asia
2a01:111:f403:a003::,2a01:111:f403:a003:ffff:ffff:ffff:ffff,KR,South Korea,AS,Asia
2a01:111:f403:a005::,2a01:111:f403:a005:ffff:ffff:ffff:ffff,KR,South Korea,AS,Asia
2a01:111:f403:a019::,2a01:111:f403:a01a:ffff:ffff:ffff:ffff,KR,South Korea,AS,Asia
2a01:111:f403:a01f::,2a01:111:f403:a020:ffff:ffff:ffff:ffff,KR,South Korea,AS,Asia
2a01:b747:530::,2a01:b747:533:ffff:ffff:ffff:ffff:ffff,KR,South Korea,AS,Asia
2a01:b747:5f1::,2a01:b747:5f1:ffff:ffff:ffff:ffff:ffff,KR,South Korea,AS,Asia
2a01:ce9f::,2a01:ce9f:fff:ffff:ffff:ffff:ffff:ffff,KR,South Korea,AS,Asia
2a02:26f7:f8::,2a02:26f7:f8:ffff:ffff:ffff:ffff:ffff,KR,South Korea,AS,Asia
2a02:26f7:c3c4:4000::,2a02:26f7:c3c4:4000:ffff:ffff:ffff:ffff,KR,South Korea,AS,Asia
2a02:26f7:c3c4:5000::,2a02:26f7:c3c4:5032:ffff:ffff:ffff:ffff,KR,South Korea,AS,Asia
2a02:26f7:c3c5:4000::,2a02:26f7:c3c5:4000:ffff:ffff:ffff:ffff,KR,South Korea,AS,Asia
2a02:26f7:c3c8:4000::,2a02:26f7:c3c8:4000:ffff:ffff:ffff:ffff,KR,South Korea,AS,Asia
2a02:26f7:c3c8:5000::,2a02:26f7:c3c8:5032:ffff:ffff:ffff:ffff,KR,South Korea,AS,Asia
2a02:26f7:c3c9:4000::,2a02:26f7:c3c9:4000:ffff:ffff:ffff:ffff,KR,South Korea,AS,Asia
2a02:26f7:c3c9:5000::,2a02:26f7:c3c9:5032:ffff:ffff:ffff:ffff,KR,South Korea,AS,Asia
2a02:26f7:c3ca:4000::,2a02:26f7:c3ca:4000:ffff:ffff:ffff:ffff,KR,South Korea,AS,Asia
2a02:26f7:c3cb:4000::,2a02:26f7:c3cb:4000:ffff:ffff:ffff:ffff,KR,South Korea,AS,Asia
2a02:26f7:c3cc:4000::,2a02:26f7:c3cc:4000:ffff:ffff:ffff:ffff,KR,South Korea,AS,Asia
2a02:26f7:c3cc:5000::,2a02:26f7:c3cc:5032:ffff:ffff:ffff:ffff,KR,South Korea,AS,Asia
2a02:26f7:c3cd:4000::,2a02:26f7:c3cd:4000:ffff:ffff:ffff:ffff,KR,South Korea,AS,Asia
2a02:26f7:c3d0:4000::,2a02:26f7:c3d0:4000:ffff:ffff:ffff:ffff,KR,South Korea,AS,Asia
2a02:26f7:c3d0:5000::,2a02:26f7:c3d0:5032:ffff:ffff:ffff:ffff,KR,South Korea,AS,Asia
2a02:26f7:c3d1:4000::,2a02:26f7:c3d1:4000:ffff:ffff:ffff:ffff,KR,South Korea,AS,Asia
2a02:26f7:c3dc:4000::,2a02:26f7:c3dc:4000:ffff:ffff:ffff:ffff,KR,South Korea,AS,Asia
2a02:26f7:c3dc:5000::,2a02:26f7:c3dc:5032:ffff:ffff:ffff:ffff,KR,South Korea,AS,Asia
2a02:26f7:c3dd:4000::,2a02:26f7:c3dd:4000:ffff:ffff:ffff:ffff,KR,South Korea,AS,Asia
2a02:26f7:c3e0:4000::,2a02:26f7:c3e0:4000:ffff:ffff:ffff:ffff,KR,South Korea,AS,Asia
2a02:26f7:c3e0:5000::,2a02:26f7:c3e0:5032:ffff:ffff:ffff:ffff,KR,South Korea,AS,Asia
2a02:26f7:c3e1:4000::,2a02:26f7:c3e1:4000:ffff:ffff:ffff:ffff,KR,South Korea,AS,Asia
2a02:26f7:c3e4:4000::,2a02:26f7:c3e4:4000:ffff:ffff:ffff:ffff,KR,South Korea,AS,Asia
2a02:26f7:c3e4:5000::,2a02:26f7:c3e4:5032:ffff:ffff:ffff:ffff,KR,South Korea,AS,Asia
2a02:26f7:c3e5:4000::,2a02:26f7:c3e5:4000:ffff:ffff:ffff:ffff,KR,South Korea,AS,Asia
2a02:26f7:c3e5:5000::,2a02:26f7:c3e5:5032:ffff:ffff:ffff:ffff,KR,South Korea,AS,Asia
2a02:26f7:c3e6:4000::,2a02:26f7:c3e6:4000:ffff:ffff:ffff:ffff,KR,South Korea,AS,Asia
2a02:26f7:c3e7:4000::,2a02:26f7:c3e7:4000:ffff:ffff:ffff:ffff,KR,South Korea,AS,Asia
2a02:5740:115::,2a02:5740:115:ffff:ffff:ffff:ffff:ffff,KR,South Korea,AS,Asia
2a02:5741:115::,2a02:5741:115:ffff:ffff:ffff:ffff:ffff,KR,South Korea,AS,Asia
2a02:5742:115::,2a02:5742:115:ffff:ffff:ffff:ffff:ffff,KR,South Korea,AS,Asia
2a02:5743:115::,2a02:5743:115:ffff:ffff:ffff:ffff:ffff,KR,South Korea,AS,Asia
2a02:5744:115::,2a02:5744:115:ffff:ffff:ffff:ffff:ffff,KR,South Korea,AS,Asia
2a02:5745:115::,2a02:5745:115:ffff:ffff:ffff:ffff:ffff,KR,South Korea,AS,Asia
2a02:5746:115::,2a02:5746:115:ffff:ffff:ffff:ffff:ffff,KR,South Korea,AS,Asia
2a02:5747:115::,2a02:5747:115:ffff:ffff:ffff:ffff:ffff,KR,South Korea,AS,Asia
2a03:2880:f04a::,2a03:2880:f04a:ffff:ffff:ffff:ffff:ffff,KR,South Korea,AS,Asia
2a03:2880:f056::,2a03:2880:f056:ffff:ffff:ffff:ffff:ffff,KR,South Korea,AS,Asia
2a03:2880:f14a::,2a03:2880:f14a:ffff:ffff:ffff:ffff:ffff,KR,South Korea,AS,Asia
2a03:2880:f156::,2a03:2880:f156:ffff:ffff:ffff:ffff:ffff,KR,South Korea,AS,Asia
2a03:2880:f24a::,2a03:2880:f24a:ffff:ffff:ffff:ffff:ffff,KR,South Korea,AS,Asia
2a03:2880:f256::,2a03:2880:f256:ffff:ffff:ffff:ffff:ffff,KR,South Korea,AS,Asia
2a03:8180:1201:8d::,2a03:8180:1201:8d:ffff:ffff:ffff:ffff,KR,South Korea,AS,Asia
2a03:8180:1201:1f8::,2a03:8180:1201:1f8:ffff:ffff:ffff:ffff,KR,South Korea,AS,Asia
2a03:83e0:d2e::,2a03:83e0:d2e:ffff:ffff:ffff:ffff:ffff,KR,South Korea,AS,Asia
2a03:83e0:e0a::,2a03:83e0:e0a:ffff:ffff:ffff:ffff:ffff,KR,South Korea,AS,Asia
2a03:83e0:f0a::,2a03:83e0:f0a:ffff:ffff:ffff:ffff:ffff,KR,South Korea,AS,Asia
2a03:83e0:110a::,2a03:83e0:110a:ffff:ffff:ffff:ffff:ffff,KR,South Korea,AS,Asia
2a03:83e0:120a::,2a03:83e0:120a:ffff:ffff:ffff:ffff:ffff,KR,South Korea,AS,Asia
2a03:90c0:120::,2a03:90c0:12f:ffff:ffff:ffff:ffff:ffff,KR,South Korea,AS,Asia
2a03:90c0:150::,2a03:90c0:151:0:ffff:ffff:ffff:ffff,KR,South Korea,AS,Asia
2a03:90c0:151:2::,2a03:90c0:151:2800:ffff:ffff:ffff:ffff,KR,South Korea,AS,Asia
2a03:90c0:151:2802::,2a03:90c0:153:ffff:ffff:ffff:ffff:ffff,KR,South Korea,AS,Asia
2a03:90c0:154:1::,2a03:90c0:15f:ffff:ffff:ffff:ffff:ffff,KR,South Korea,AS,Asia
2a03:90c0:230::,2a03:90c0:230:0:ffff:ffff:ffff:ffff,KR,South Korea,AS,Asia
2a03:90c0:230:2::,2a03:90c0:23f:ffff:ffff:ffff:ffff:ffff,KR,South Korea,AS,Asia
2a03:90c0:260::,2a03:90c0:26f:ffff:ffff:ffff:ffff:ffff,KR,South Korea,AS,Asia
2a03:90c0:2b0::,2a03:90c0:2bf:ffff:ffff:ffff:ffff:ffff,KR,South Korea,AS,Asia
2a03:90c0:310::,2a03:90c0:31f:ffff:ffff:ffff:ffff:ffff,KR,South Korea,AS,Asia
2a03:90c0:330::,2a03:90c0:34f:ffff:ffff:ffff:ffff:ffff,KR,South Korea,AS,Asia
2a03:90c0:3c0::,2a03:90c0:3cf:ffff:ffff:ffff:ffff:ffff,KR,South Korea,AS,Asia
2a03:90c0:400::,2a03:90c0:40f:ffff:ffff:ffff:ffff:ffff,KR,South Korea,AS,Asia
2a03:90c0:440::,2a03:90c0:44f:ffff:ffff:ffff:ffff:ffff,KR,South Korea,AS,Asia
2a03:90c0:480::,2a03:90c0:49f:ffff:ffff:ffff:ffff:ffff,KR,South Korea,AS,Asia
2a03:90c0:5c0::,2a03:90c0:5cf:ffff:ffff:ffff:ffff:ffff,KR,South Korea,AS,Asia
2a03:90c0:650::,2a03:90c0:65f:ffff:ffff:ffff:ffff:ffff,KR,South Korea,AS,Asia
2a03:90c0:670::,2a03:90c0:67f:ffff:ffff:ffff:ffff:ffff,KR,South Korea,AS,Asia
2a03:90c0:770::,2a03:90c0:998f:ffff:ffff:ffff:ffff:ffff,KR,South Korea,AS,Asia
2a03:90c0:9993::,2a03:90c0:9993:ffff:ffff:ffff:ffff:ffff,KR,South Korea,AS,Asia
2a03:90c0:999e::,2a03:90c0:999e:ffff:ffff:ffff:ffff:ffff,KR,South Korea,AS,Asia
2a03:90c0:99a0::,2a03:90c0:ffff:ffff:ffff:ffff:ffff:ffff,KR,South Korea,AS,Asia
2a03:b600:0:1ba::,2a03:b600:0:1c3:ffff:ffff:ffff:ffff,KR,South Korea,AS,Asia
2a03:b600:0:6dc::,2a03:b600:0:6ea:ffff:ffff:ffff:ffff,KR,South Korea,AS,Asia
2a03:b601:a1b::,2a03:b601:a1f:ffff:ffff:ffff:ffff:ffff,KR,South Korea,AS,Asia
2a04:4e41:27:9::,2a04:4e41:27:c:ffff:ffff:ffff:ffff,KR,South Korea,AS,Asia
2a04:4e41:30:f::,2a04:4e41:30:12:ffff:ffff:ffff:ffff,KR,South Korea,AS,Asia
2a04:4e41:35:e::,2a04:4e41:35:11:ffff:ffff:ffff:ffff,KR,South Korea,AS,Asia
2a04:4e41:61:1::,2a04:4e41:61:4:ffff:ffff:ffff:ffff,KR,South Korea,AS,Asia
2a04:4e41:64:19::,2a04:4e41:64:19:ffff:ffff:ffff:ffff,KR,South Korea,AS,Asia
2a04:4e41:64:20::,2a04:4e41:64:22:ffff:ffff:ffff:ffff,KR,South Korea,AS,Asia
2a04:9dc0:20::,2a04:9dc0:20:ffff:ffff:ffff:ffff:ffff,KR,South Korea,AS,Asia
2a05:dfc1:1689::,2a05:dfc1:1689:ffff:ffff:ffff:ffff:ffff,KR,South Korea,AS,Asia
2a06:1287:1200::,2a06:1287:121f:ffff:ffff:ffff:ffff:ffff,KR,South Korea,AS,Asia
2a06:1287:3914::,2a06:1287:3914:ffff:ffff:ffff:ffff:ffff,KR,South Korea,AS,Asia
2a06:a000:1e9::,2a06:a000:1e9:ffff:ffff:ffff:ffff:ffff,KR,South Korea,AS,Asia
2a06:a002:c00::,2a06:a002:dff:ffff:ffff:ffff:ffff:ffff,KR,South Korea,AS,Asia
2a06:a005:454::,2a06:a005:454:ffff:ffff:ffff:ffff:ffff,KR,South Korea,AS,Asia
2a06:a005:45a::,2a06:a005:45a:ffff:ffff:ffff:ffff:ffff,KR,South Korea,AS,Asia
2a06:a005:5a8::,2a06:a005:5a8:ffff:ffff:ffff:ffff:ffff,KR,South Korea,AS,Asia
2a06:a005:5fc::,2a06:a005:5ff:ffff:ffff:ffff:ffff:ffff,KR,South Korea,AS,Asia
2a06:a005:620::,2a06:a005:62f:ffff:ffff:ffff:ffff:ffff,KR,South Korea,AS,Asia
2a06:a005:cf0::,2a06:a005:cff:ffff:ffff:ffff:ffff:ffff,KR,South Korea,AS,Asia
2a06:a005:1100::,2a06:a005:110f:ffff:ffff:ffff:ffff:ffff,KR,South Korea,AS,Asia
2a06:a005:1273::,2a06:a005:1274:ffff:ffff:ffff:ffff:ffff,KR,South Korea,AS,Asia
2a06:a005:1680::,2a06:a005:168f:ffff:ffff:ffff:ffff:ffff,KR,South Korea,AS,Asia
2a06:a005:16b0::,2a06:a005:16bf:ffff:ffff:ffff:ffff:ffff,KR,South Korea,AS,Asia
2a06:a005:1946::,2a06:a005:1947:ffff:ffff:ffff:ffff:ffff,KR,South Korea,AS,Asia
2a06:a005:1c00::,2a06:a005:1c0f:ffff:ffff:ffff:ffff:ffff,KR,South Korea,AS,Asia
2a06:a005:2090::,2a06:a005:20af:ffff:ffff:ffff:ffff:ffff,KR,South Korea,AS,Asia
2a06:a005:2670::,2a06:a005:267f:ffff:ffff:ffff:ffff:ffff,KR,South Korea,AS,Asia
2a06:a005:29d0::,2a06:a005:29df:ffff:ffff:ffff:ffff:ffff,KR,South Korea,AS,Asia
2a06:a005:2cf0::,2a06:a005:2cff:ffff:ffff:ffff:ffff:ffff,KR,South Korea,AS,Asia
2a06:a005:2d20::,2a06:a005:2d2f:ffff:ffff:ffff:ffff:ffff,KR,South Korea,AS,Asia
2a07:bd80:8000::,2a07:bd80:8fff:ffff:ffff:ffff:ffff:ffff,KR,South Korea,AS,Asia
2a07:bd81:5000::,2a07:bd81:5fff:ffff:ffff:ffff:ffff:ffff,KR,South Korea,AS,Asia
2a07:bd82:2000::,2a07:bd82:2fff:ffff:ffff:ffff:ffff:ffff,KR,South Korea,AS,Asia
2a07:bd82:f000::,2a07:bd82:ffff:ffff:ffff:ffff:ffff:ffff,KR,South Korea,AS,Asia
2a07:bd84:8000::,2a07:bd84:8fff:ffff:ffff:ffff:ffff:ffff,KR,South Korea,AS,Asia
2a07:bd85:5000::,2a07:bd85:5fff:ffff:ffff:ffff:ffff:ffff,KR,South Korea,AS,Asia
2a07:bd86:2000::,2a07:bd86:2fff:ffff:ffff:ffff:ffff:ffff,KR,South Korea,AS,Asia
2a07:bd86:f000::,2a07:bd86:ffff:ffff:ffff:ffff:ffff:ffff,KR,South Korea,AS,Asia
2a07:db01::,2a07:db01:0:ffff:ffff:ffff:ffff:ffff,KR,South Korea,AS,Asia
2a07:db01:3::,2a07:db01:3:ffff:ffff:ffff:ffff:ffff,KR,South Korea,AS,Asia
2a09:4c0:0:7b::,2a09:4c0:0:7b:ffff:ffff:ffff:ffff,KR,South Korea,AS,Asia
2a09:bac0:34::,2a09:bac0:34:ffff:ffff:ffff:ffff:ffff,KR,South Korea,AS,Asia
2a09:bac0:443::,2a09:bac0:443:ffff:ffff:ffff:ffff:ffff,KR,South Korea,AS,Asia
2a09:bac0:523::,2a09:bac0:523:ffff:ffff:ffff:ffff:ffff,KR,South Korea,AS,Asia
2a09:bac0:665::,2a09:bac0:665:ffff:ffff:ffff:ffff:ffff,KR,South Korea,AS,Asia
2a09:bac0:1000:6a::,2a09:bac0:1000:6a:ffff:ffff:ffff:ffff,KR,South Korea,AS,Asia
2a09:bac0:1001:5e::,2a09:bac0:1001:5e:ffff:ffff:ffff:ffff,KR,South Korea,AS,Asia
2a09:bac0:1001:6a::,2a09:bac0:1001:6a:ffff:ffff:ffff:ffff,KR,South Korea,AS,Asia
2a09:bac1:3f00::,2a09:bac1:3f00:0:ffff:ffff:ffff:ffff,KR,South Korea,AS,Asia
2a09:bac1:3f00:10::,2a09:bac1:3f00:10:ffff:ffff:ffff:ffff,KR,South Korea,AS,Asia
2a09:bac1:3f00:18::,2a09:bac1:3f00:18:ffff:ffff:ffff:ffff,KR,South Korea,AS,Asia
2a09:bac1:3f00:20::,2a09:bac1:3f00:20:ffff:ffff:ffff:ffff,KR,South Korea,AS,Asia
2a09:bac1:3f00:28::,2a09:bac1:3f00:28:ffff:ffff:ffff:ffff,KR,South Korea,AS,Asia
2a09:bac1:3f00:30::,2a09:bac1:3f00:30:ffff:ffff:ffff:ffff,KR,South Korea,AS,Asia
2a09:bac1:3f00:38::,2a09:bac1:3f00:38:ffff:ffff:ffff:ffff,KR,South Korea,AS,Asia
2a09:bac1:3f00:40::,2a09:bac1:3f00:40:ffff:ffff:ffff:ffff,KR,South Korea,AS,Asia
2a09:bac1:3f00:48::,2a09:bac1:3f00:48:ffff:ffff:ffff:ffff,KR,South Korea,AS,Asia
2a09:bac1:3f00:58::,2a09:bac1:3f00:58:ffff:ffff:ffff:ffff,KR,South Korea,AS,Asia
2a09:bac1:3f00:60::,2a09:bac1:3f00:60:ffff:ffff:ffff:ffff,KR,South Korea,AS,Asia
2a09:bac1:3f00:80::,2a09:bac1:3f00:80:ffff:ffff:ffff:ffff,KR,South Korea,AS,Asia
2a09:bac1:3f00:90::,2a09:bac1:3f00:90:ffff:ffff:ffff:ffff,KR,South Korea,AS,Asia
2a09:bac1:3f00:98::,2a09:bac1:3f00:98:ffff:ffff:ffff:ffff,KR,South Korea,AS,Asia
2a09:bac1:3f00:a0::,2a09:bac1:3f00:a0:ffff:ffff:ffff:ffff,KR,South Korea,AS,Asia
2a09:bac1:3f00:a8::,2a09:bac1:3f00:a8:ffff:ffff:ffff:ffff,KR,South Korea,AS,Asia
2a09:bac1:3f00:b0::,2a09:bac1:3f00:b0:ffff:ffff:ffff:ffff,KR,South Korea,AS,Asia
2a09:bac1:3f00:b8::,2a09:bac1:3f00:b8:ffff:ffff:ffff:ffff,KR,South Korea,AS,Asia
2a09:bac1:3f00:518::,2a09:bac1:3f00:518:ffff:ffff:ffff:ffff,KR,South Korea,AS,Asia
2a09:bac1:3f20::,2a09:bac1:3f20:0:ffff:ffff:ffff:ffff,KR,South Korea,AS,Asia
2a09:bac1:3f20:10::,2a09:bac1:3f20:10:ffff:ffff:ffff:ffff,KR,South Korea,AS,Asia
2a09:bac1:3f20:18::,2a09:bac1:3f20:18:ffff:ffff:ffff:ffff,KR,South Korea,AS,Asia
2a09:bac1:3f20:20::,2a09:bac1:3f20:20:ffff:ffff:ffff:ffff,KR,South Korea,AS,Asia
2a09:bac1:3f20:28::,2a09:bac1:3f20:28:ffff:ffff:ffff:ffff,KR,South Korea,AS,Asia
2a09:bac1:3f20:30::,2a09:bac1:3f20:30:ffff:ffff:ffff:ffff,KR,South Korea,AS,Asia
2a09:bac1:3f20:38::,2a09:bac1:3f20:38:ffff:ffff:ffff:ffff,KR,South Korea,AS,Asia
2a09:bac1:3f20:40::,2a09:bac1:3f20:40:ffff:ffff:ffff:ffff,KR,South Korea,AS,Asia
2a09:bac1:3f20:48::,2a09:bac1:3f20:48:ffff:ffff:ffff:ffff,KR,South Korea,AS,Asia
2a09:bac1:3f20:58::,2a09:bac1:3f20:58:ffff:ffff:ffff:ffff,KR,South Korea,AS,Asia
2a09:bac1:3f20:60::,2a09:bac1:3f20:60:ffff:ffff:ffff:ffff,KR,South Korea,AS,Asia
2a09:bac1:3f20:80::,2a09:bac1:3f20:80:ffff:ffff:ffff:ffff,KR,South Korea,AS,Asia
2a09:bac1:3f20:90::,2a09:bac1:3f20:90:ffff:ffff:ffff:ffff,KR,South Korea,AS,Asia
2a09:bac1:3f20:98::,2a09:bac1:3f20:98:ffff:ffff:ffff:ffff,KR,South Korea,AS,Asia
2a09:bac1:3f20:a0::,2a09:bac1:3f20:a0:ffff:ffff:ffff:ffff,KR,South Korea,AS,Asia
2a09:bac1:3f20:a8::,2a09:bac1:3f20:a8:ffff:ffff:ffff:ffff,KR,South Korea,AS,Asia
2a09:bac1:3f20:b0::,2a09:bac1:3f20:b0:ffff:ffff:ffff:ffff,KR,South Korea,AS,Asia
2a09:bac1:3f20:b8::,2a09:bac1:3f20:b8:ffff:ffff:ffff:ffff,KR,South Korea,AS,Asia
2a09:bac1:3f20:518::,2a09:bac1:3f20:518:ffff:ffff:ffff:ffff,KR,South Korea,AS,Asia
2a09:bac1:3f40::,2a09:bac1:3f40:0:ffff:ffff:ffff:ffff,KR,South Korea,AS,Asia
2a09:bac1:3f40:10::,2a09:bac1:3f40:10:ffff:ffff:ffff:ffff,KR,South Korea,AS,Asia
2a09:bac1:3f40:18::,2a09:bac1:3f40:18:ffff:ffff:ffff:ffff,KR,South Korea,AS,Asia
2a09:bac1:3f40:20::,2a09:bac1:3f40:20:ffff:ffff:ffff:ffff,KR,South Korea,AS,Asia
2a09:bac1:3f40:28::,2a09:bac1:3f40:28:ffff:ffff:ffff:ffff,KR,South Korea,AS,Asia
2a09:bac1:3f40:30::,2a09:bac1:3f40:30:ffff:ffff:ffff:ffff,KR,South Korea,AS,Asia
2a09:bac1:3f40:38::,2a09:bac1:3f40:38:ffff:ffff:ffff:ffff,KR,South Korea,AS,Asia
2a09:bac1:3f40:40::,2a09:bac1:3f40:40:ffff:ffff:ffff:ffff,KR,South Korea,AS,Asia
2a09:bac1:3f40:48::,2a09:bac1:3f40:48:ffff:ffff:ffff:ffff,KR,South Korea,AS,Asia
2a09:bac1:3f40:58::,2a09:bac1:3f40:58:ffff:ffff:ffff:ffff,KR,South Korea,AS,Asia
2a09:bac1:3f40:60::,2a09:bac1:3f40:60:ffff:ffff:ffff:ffff,KR,South Korea,AS,Asia
2a09:bac1:3f40:80::,2a09:bac1:3f40:80:ffff:ffff:ffff:ffff,KR,South Korea,AS,Asia
2a09:bac1:3f40:90::,2a09:bac1:3f40:90:ffff:ffff:ffff:ffff,KR,South Korea,AS,Asia
2a09:bac1:3f40:98::,2a09:bac1:3f40:98:ffff:ffff:ffff:ffff,KR,South Korea,AS,Asia
2a09:bac1:3f40:a0::,2a09:bac1:3f40:a0:ffff:ffff:ffff:ffff,KR,South Korea,AS,Asia
2a09:bac1:3f40:a8::,2a09:bac1:3f40:a8:ffff:ffff:ffff:ffff,KR,South Korea,AS,Asia
2a09:bac1:3f40:b0::,2a09:bac1:3f40:b0:ffff:ffff:ffff:ffff,KR,South Korea,AS,Asia
2a09:bac1:3f40:b8::,2a09:bac1:3f40:b8:ffff:ffff:ffff:ffff,KR,South Korea,AS,Asia
2a09:bac1:3f40:518::,2a09:bac1:3f40:518:ffff:ffff:ffff:ffff,KR,South Korea,AS,Asia
2a09:bac1:3f60::,2a09:bac1:3f60:0:ffff:ffff:ffff:ffff,KR,South Korea,AS,Asia
2a09:bac1:3f60:10::,2a09:bac1:3f60:10:ffff:ffff:ffff:ffff,KR,South Korea,AS,Asia
2a09:bac1:3f60:18::,2a09:bac1:3f60:18:ffff:ffff:ffff:ffff,KR,South Korea,AS,Asia
2a09:bac1:3f60:20::,2a09:bac1:3f60:20:ffff:ffff:ffff:ffff,KR,South Korea,AS,Asia
2a09:bac1:3f60:28::,2a09:bac1:3f60:28:ffff:ffff:ffff:ffff,KR,South Korea,AS,Asia
2a09:bac1:3f60:30::,2a09:bac1:3f60:30:ffff:ffff:ffff:ffff,KR,South Korea,AS,Asia
2a09:bac1:3f60:38::,2a09:bac1:3f60:38:ffff:ffff:ffff:ffff,KR,South Korea,AS,Asia
2a09:bac1:3f60:40::,2a09:bac1:3f60:40:ffff:ffff:ffff:ffff,KR,South Korea,AS,Asia
2a09:bac1:3f60:48::,2a09:bac1:3f60:48:ffff:ffff:ffff:ffff,KR,South Korea,AS,Asia
2a09:bac1:3f60:58::,2a09:bac1:3f60:58:ffff:ffff:ffff:ffff,KR,South Korea,AS,Asia
2a09:bac1:3f60:60::,2a09:bac1:3f60:60:ffff:ffff:ffff:ffff,KR,South Korea,AS,Asia
2a09:bac1:3f60:80::,2a09:bac1:3f60:80:ffff:ffff:ffff:ffff,KR,South Korea,AS,Asia
2a09:bac1:3f60:90::,2a09:bac1:3f60:90:ffff:ffff:ffff:ffff,KR,South Korea,AS,Asia
2a09:bac1:3f60:98::,2a09:bac1:3f60:98:ffff:ffff:ffff:ffff,KR,South Korea,AS,Asia
2a09:bac1:3f60:a0::,2a09:bac1:3f60:a0:ffff:ffff:ffff:ffff,KR,South Korea,AS,Asia
2a09:bac1:3f60:a8::,2a09:bac1:3f60:a8:ffff:ffff:ffff:ffff,KR,South Korea,AS,Asia
2a09:bac1:3f60:b0::,2a09:bac1:3f60:b0:ffff:ffff:ffff:ffff,KR,South Korea,AS,Asia
2a09:bac1:3f60:b8::,2a09:bac1:3f60:b8:ffff:ffff:ffff:ffff,KR,South Korea,AS,Asia
2a09:bac1:3f60:518::,2a09:bac1:3f60:518:ffff:ffff:ffff:ffff,KR,South Korea,AS,Asia
2a09:bac2:4680::,2a09:bac2:4717:ffff:ffff:ffff:ffff:ffff,KR,South Korea,AS,Asia
2a09:bac3:4680::,2a09:bac3:4717:ffff:ffff:ffff:ffff:ffff,KR,South Korea,AS,Asia
2a09:bac4:3c0::,2a09:bac4:3c7:ffff:ffff:ffff:ffff:ffff,KR,South Korea,AS,Asia
2a09:bac4:13c0::,2a09:bac4:13c7:ffff:ffff:ffff:ffff:ffff,KR,South Korea,AS,Asia
2a09:bac5:4728::,2a09:bac5:47bf:ffff:ffff:ffff:ffff:ffff,KR,South Korea,AS,Asia
2a09:bac6:4728::,2a09:bac6:47bf:ffff:ffff:ffff:ffff:ffff,KR,South Korea,AS,Asia
2a0a:6040:2282::,2a0a:6040:2282:ffff:ffff:ffff:ffff:ffff,KR,South Korea,AS,Asia
2a0c:9a40:8160::,2a0c:9a40:816f:ffff:ffff:ffff:ffff:ffff,KR,South Korea,AS,Asia
2a0c:9a40:b00b::,2a0c:9a40:b00b:ffff:ffff:ffff:ffff:ffff,KR,South Korea,AS,Asia
2a0d:2406:400::,2a0d:2406:50f:ffff:ffff:ffff:ffff:ffff,KR,South Korea,AS,Asia
2a0d:2406:520::,2a0d:2406:5ff:ffff:ffff:ffff:ffff:ffff,KR,South Korea,AS,Asia
2a0e:8f01:1000:8::,2a0e:8f01:1000:8:ffff:ffff:ffff:ffff,KR,South Korea,AS,Asia
2a0e:8f02:f03e::,2a0e:8f02:f03e:ffff:ffff:ffff:ffff:ffff,KR,South Korea,AS,Asia
2a0e:8f02:f05d::,2a0e:8f02:f05d:ffff:ffff:ffff:ffff:ffff,KR,South Korea,AS,Asia
2a0e:97c0:be0::,2a0e:97c0:bef:ffff:ffff:ffff:ffff:ffff,KR,South Korea,AS,Asia
2a0e:a942:c000::,2a0e:a942:cfff:ffff:ffff:ffff:ffff:ffff,KR,South Korea,AS,Asia
2a0e:b107:1260::,2a0e:b107:126f:ffff:ffff:ffff:ffff:ffff,KR,South Korea,AS,Asia
2a0e:b107:19e0::,2a0e:b107:19ef:ffff:ffff:ffff:ffff:ffff,KR,South Korea,AS,Asia
2a0e:b107:1d10::,2a0e:b107:1d1f:ffff:ffff:ffff:ffff:ffff,KR,South Korea,AS,Asia
2a0e:b107:1e50::,2a0e:b107:1e5f:ffff:ffff:ffff:ffff:ffff,KR,South Korea,AS,Asia
2a0e:b107:1fe0::,2a0e:b107:1fe1:ffff:ffff:ffff:ffff:ffff,KR,South Korea,AS,Asia
2a0e:b107:1fe2:100::,2a0e:b107:1fe2:ffff:ffff:ffff:ffff:ffff,KR,South Korea,AS,Asia
2a0e:b107:1fe4::,2a0e:b107:1feb:ffff:ffff:ffff:ffff:ffff,KR,South Korea,AS,Asia
2a0e:b107:1fed::,2a0e:b107:1fef:ffff:ffff:ffff:ffff:ffff,KR,South Korea,AS,Asia
2a0e:e385:8000::,2a0e:e385:bfff:ffff:ffff:ffff:ffff:ffff,KR,South Korea,AS,Asia
2a0e:e980::,2a0e:e987:ffff:ffff:ffff:ffff:ffff:ffff,KR,South Korea,AS,Asia
2a0f:7280::,2a0f:7287:ffff:ffff:ffff:ffff:ffff:ffff,KR,South Korea,AS,Asia
2a0f:9400:6116::,2a0f:9400:6116:ffff:ffff:ffff:ffff:ffff,KR,South Korea,AS,Asia
2a0f:9400:611c::,2a0f:9400:611c:ffff:ffff:ffff:ffff:ffff,KR,South Korea,AS,Asia
2a0f:9400:6150::,2a0f:9400:615f:ffff:ffff:ffff:ffff:ffff,KR,South Korea,AS,Asia
2a0f:9400:7200::,2a0f:9400:72ff:ffff:ffff:ffff:ffff:ffff,KR,South Korea,AS,Asia
2a0f:9400:7500::,2a0f:9400:7500:ffff:ffff:ffff:ffff:ffff,KR,South Korea,AS,Asia
2a0f:9400:7502::,2a0f:9400:7503:ffff:ffff:ffff:ffff:ffff,KR,South Korea,AS,Asia
2a0f:9400:7505::,2a0f:9400:7505:ffff:ffff:ffff:ffff:ffff,KR,South Korea,AS,Asia
2a0f:9400:7507::,2a0f:9400:7508:ffff:ffff:ffff:ffff:ffff,KR,South Korea,AS,Asia
2a0f:9400:750a::,2a0f:9400:75ff:ffff:ffff:ffff:ffff:ffff,KR,South Korea,AS,Asia
2a0f:9400:7709::,2a0f:9400:7709:ffff:ffff:ffff:ffff:ffff,KR,South Korea,AS,Asia
2a0f:9400:770b::,2a0f:9400:770b:ffff:ffff:ffff:ffff:ffff,KR,South Korea,AS,Asia
2a0f:9400:7721::,2a0f:9400:7721:ffff:ffff:ffff:ffff:ffff,KR,South Korea,AS,Asia
2a0f:9400:7723::,2a0f:9400:7723:ffff:ffff:ffff:ffff:ffff,KR,South Korea,AS,Asia
2a0f:9400:7806::,2a0f:9400:7807:ffff:ffff:ffff:ffff:ffff,KR,South Korea,AS,Asia
2a0f:9400:8005::,2a0f:9400:8005:ffff:ffff:ffff:ffff:ffff,KR,South Korea,AS,Asia
2a0f:9400:b00b::,2a0f:9400:b00b:ffff:ffff:ffff:ffff:ffff,KR,South Korea,AS,Asia
2a0f:e5c0::,2a0f:e5c7:ffff:ffff:ffff:ffff:ffff:ffff,KR,South Korea,AS,Asia
2a0f:e600::,2a0f:e600:0:ffff:ffff:ffff:ffff:ffff,KR,South Korea,AS,Asia
2a0f:e600:2::,2a0f:e607:ffff:ffff:ffff:ffff:ffff:ffff,KR,South Korea,AS,Asia
2a10:3e84::,2a10:3e87:ffff:ffff:ffff:ffff:ffff:ffff,KR,South Korea,AS,Asia
2a11:f700::,2a11:f703:ffff:ffff:ffff:ffff:ffff:ffff,KR,South Korea,AS,Asia
2a12:3fc2:ab60::,2a12:3fc2:ab6f:ffff:ffff:ffff:ffff:ffff,KR,South Korea,AS,Asia
2a12:a5c7:fd53::,2a12:a5c7:fd53:ffff:ffff:ffff:ffff:ffff,KR,South Korea,AS,Asia
2a12:dd40:6000::,2a12:dd40:6fff:ffff:ffff:ffff:ffff:ffff,KR,South Korea,AS,Asia
2a13:cc5:8000::,2a13:cc5:bfff:ffff:ffff:ffff:ffff:ffff,KR,South Korea,AS,Asia
2a13:3f80:200::,2a13:3f80:2ff:ffff:ffff:ffff:ffff:ffff,KR,South Korea,AS,Asia
2a13:3f80:e00::,2a13:3f80:eff:ffff:ffff:ffff:ffff:ffff,KR,South Korea,AS,Asia
2a13:3f80:2b00::,2a13:3f80:2bff:ffff:ffff:ffff:ffff:ffff,KR,South Korea,AS,Asia
2a13:3f80:4400::,2a13:3f80:44ff:ffff:ffff:ffff:ffff:ffff,KR,South Korea,AS,Asia
2a13:3f80:4800::,2a13:3f80:48ff:ffff:ffff:ffff:ffff:ffff,KR,South Korea,AS,Asia
2a13:3f80:4f00::,2a13:3f80:4fff:ffff:ffff:ffff:ffff:ffff,KR,South Korea,AS,Asia
2a13:3f80:6400::,2a13:3f80:64ff:ffff:ffff:ffff:ffff:ffff,KR,South Korea,AS,Asia
2a13:3f80:6a00::,2a13:3f80:6aff:ffff:ffff:ffff:ffff:ffff,KR,South Korea,AS,Asia
2a13:3f80:8300::,2a13:3f80:83ff:ffff:ffff:ffff:ffff:ffff,KR,South Korea,AS,Asia
2a13:3f80:9900::,2a13:3f80:99ff:ffff:ffff:ffff:ffff:ffff,KR,South Korea,AS,Asia
2a13:3f80:a300::,2a13:3f80:a3ff:ffff:ffff:ffff:ffff:ffff,KR,South Korea,AS,Asia
2a13:3f80:af00::,2a13:3f80:afff:ffff:ffff:ffff:ffff:ffff,KR,South Korea,AS,Asia
2a13:3f80:c500::,2a13:3f80:c5ff:ffff:ffff:ffff:ffff:ffff,KR,South Korea,AS,Asia
2a13:3f80:ec00::,2a13:3f80:ecff:ffff:ffff:ffff:ffff:ffff,KR,South Korea,AS,Asia
2a13:3f80:f700::,2a13:3f80:f7ff:ffff:ffff:ffff:ffff:ffff,KR,South Korea,AS,Asia
2a13:3f80:fd00::,2a13:3f80:fdff:ffff:ffff:ffff:ffff:ffff,KR,South Korea,AS,Asia
2a13:3f83:2100::,2a13:3f83:21ff:ffff:ffff:ffff:ffff:ffff,KR,South Korea,AS,Asia
2a13:3f83:3900::,2a13:3f83:39ff:ffff:ffff:ffff:ffff:ffff,KR,South Korea,AS,Asia
2a13:3f83:5900::,2a13:3f83:59ff:ffff:ffff:ffff:ffff:ffff,KR,South Korea,AS,Asia
2a13:3f83:6600::,2a13:3f83:66ff:ffff:ffff:ffff:ffff:ffff,KR,South Korea,AS,Asia
2a13:3f83:ac00::,2a13:3f83:acff:ffff:ffff:ffff:ffff:ffff,KR,South Korea,AS,Asia
2a13:3f83:c300::,2a13:3f83:c3ff:ffff:ffff:ffff:ffff:ffff,KR,South Korea,AS,Asia
2a13:3f83:eb00::,2a13:3f83:ebff:ffff:ffff:ffff:ffff:ffff,KR,South Korea,AS,Asia
2a13:3f83:f800::,2a13:3f83:f8ff:ffff:ffff:ffff:ffff:ffff,KR,South Korea,AS,Asia
2a13:3f84:4300::,2a13:3f84:43ff:ffff:ffff:ffff:ffff:ffff,KR,South Korea,AS,Asia
2a13:3f84:4f00::,2a13:3f84:4fff:ffff:ffff:ffff:ffff:ffff,KR,South Korea,AS,Asia
2a13:3f84:6d00::,2a13:3f84:6dff:ffff:ffff:ffff:ffff:ffff,KR,South Korea,AS,Asia
2a13:3f84:7000::,2a13:3f84:70ff:ffff:ffff:ffff:ffff:ffff,KR,South Korea,AS,Asia
2a13:3f84:7900::,2a13:3f84:79ff:ffff:ffff:ffff:ffff:ffff,KR,South Korea,AS,Asia
2a13:3f84:9600::,2a13:3f84:96ff:ffff:ffff:ffff:ffff:ffff,KR,South Korea,AS,Asia
2a13:3f84:a100::,2a13:3f84:a1ff:ffff:ffff:ffff:ffff:ffff,KR,South Korea,AS,Asia
2a13:3f84:af00::,2a13:3f84:afff:ffff:ffff:ffff:ffff:ffff,KR,South Korea,AS,Asia
2a13:3f84:b500::,2a13:3f84:b5ff:ffff:ffff:ffff:ffff:ffff,KR,South Korea,AS,Asia
2a13:3f84:c400::,2a13:3f84:c4ff:ffff:ffff:ffff:ffff:ffff,KR,South Korea,AS,Asia
2a13:3f84:ef00::,2a13:3f84:efff:ffff:ffff:ffff:ffff:ffff,KR,South Korea,AS,Asia
2a13:3f85:2b00::,2a13:3f85:2bff:ffff:ffff:ffff:ffff:ffff,KR,South Korea,AS,Asia
2a13:3f85:3400::,2a13:3f85:35ff:ffff:ffff:ffff:ffff:ffff,KR,South Korea,AS,Asia
2a13:3f85:3f00::,2a13:3f85:3fff:ffff:ffff:ffff:ffff:ffff,KR,South Korea,AS,Asia
2a13:3f85:4f00::,2a13:3f85:4fff:ffff:ffff:ffff:ffff:ffff,KR,South Korea,AS,Asia
2a13:3f85:8e00::,2a13:3f85:8eff:ffff:ffff:ffff:ffff:ffff,KR,South Korea,AS,Asia
2a13:3f85:ab00::,2a13:3f85:abff:ffff:ffff:ffff:ffff:ffff,KR,South Korea,AS,Asia
2a13:3f85:b300::,2a13:3f85:b3ff:ffff:ffff:ffff:ffff:ffff,KR,South Korea,AS,Asia
2a13:3f85:e100::,2a13:3f85:e1ff:ffff:ffff:ffff:ffff:ffff,KR,South Korea,AS,Asia
2a13:3f85:ea00::,2a13:3f85:eaff:ffff:ffff:ffff:ffff:ffff,KR,South Korea,AS,Asia
2a13:3f85:f100::,2a13:3f85:f1ff:ffff:ffff:ffff:ffff:ffff,KR,South Korea,AS,Asia
2a13:3f86:f00::,2a13:3f86:fff:ffff:ffff:ffff:ffff:ffff,KR,South Korea,AS,Asia
2a13:3f86:2c00::,2a13:3f86:2cff:ffff:ffff:ffff:ffff:ffff,KR,South Korea,AS,Asia
2a13:3f86:3b00::,2a13:3f86:3bff:ffff:ffff:ffff:ffff:ffff,KR,South Korea,AS,Asia
2a13:3f86:4900::,2a13:3f86:49ff:ffff:ffff:ffff:ffff:ffff,KR,South Korea,AS,Asia
2a13:3f86:5800::,2a13:3f86:58ff:ffff:ffff:ffff:ffff:ffff,KR,South Korea,AS,Asia
2a13:3f86:7b00::,2a13:3f86:7bff:ffff:ffff:ffff:ffff:ffff,KR,South Korea,AS,Asia
2a13:3f86:f300::,2a13:3f86:f3ff:ffff:ffff:ffff:ffff:ffff,KR,South Korea,AS,Asia
2a13:3f87:800::,2a13:3f87:8ff:ffff:ffff:ffff:ffff:ffff,KR,South Korea,AS,Asia
2a13:3f87:6c00::,2a13:3f87:6cff:ffff:ffff:ffff:ffff:ffff,KR,South Korea,AS,Asia
2a13:3f87:7400::,2a13:3f87:74ff:ffff:ffff:ffff:ffff:ffff,KR,South Korea,AS,Asia
2a13:3f87:8c00::,2a13:3f87:8dff:ffff:ffff:ffff:ffff:ffff,KR,South Korea,AS,Asia
2a13:3f87:bb00::,2a13:3f87:bbff:ffff:ffff:ffff:ffff:ffff,KR,South Korea,AS,Asia
2a13:3f87:f400::,2a13:3f87:f4ff:ffff:ffff:ffff:ffff:ffff,KR,South Korea,AS,Asia
2a13:5941:1::,2a13:5941:1:ffff:ffff:ffff:ffff:ffff,KR,South Korea,AS,Asia
